country_name_ferdi,iso3,pvcci_flooding,pvcci_aridity,pvcci_rainfall,pvcci_temperature,pvcci_storms,pvcci,pvcci_rank,pvcci2_flooding,pvcci2_aridity,pvcci2_rainfall,pvcci2_temperature,pvcci2_storms,pvcci2,pvcci2_rank,pvcci3_flooding,pvcci3_aridity,pvcci3_rainfall,pvcci3_temperature,pvcci3_storms,pvcci3,pvcci3_rank,pvcci_edition,climate_series_last_year,storm_series_last_year
Afghanistan,AFG,43.818,78.8805817861069,81.3012999482198,55.2417074271637,0,59.6719547520499,42,43.818,78.8805817861069,81.8369173103323,42.6137351709533,0,57.7154654611621,41,43.818,78.8805817861069,75.1279078338183,56.7155080517469,0,58.3146888801941,51,October 2018,2016,2014
Angola,AGO,0.16842857003212,45.0036685652384,70.7274804550526,74.7740925059488,0,50.2372370938551,112,0.16842857003212,45.0036685652384,70.0080891258027,68.7940002182617,0,48.2889336423772,106,0.16842857003212,45.0036685652384,63.9752653910444,79.1765370327951,0,49.7737222857065,110,October 2018,2016,2014
Anguilla,AIA,66.4191436767578,37.0522471734571,68.0381890067149,71.9813944992523,52.5945051730942,60.598795300121,38,66.4191436767578,37.0522471734571,69.3443377707269,69.4310487427037,52.5945051730942,60.2990237933115,23,66.4191436767578,37.0522471734571,59.5455177707341,79.0178605126225,52.5945051730942,60.5640893737146,37,October 2018,2016,2014
Albania,ALB,4.87885713577271,38.2130021809554,69.8101377076493,48.3254035971744,0,41.6961310968386,184,4.87885713577271,38.2130021809554,70.0612867630803,35.5001315132633,0,39.1225766610292,186,4.87885713577271,38.2130021809554,62.9646934905873,78.7343323574149,0,48.2652763397548,124,October 2018,2016,2014
Andorra,AND,0,47.7552010599431,71.8454959695864,51.545350916353,0,44.9427585278906,167,0,47.7552010599431,71.4688804511097,40.6542090808769,0,42.523228516194,166,0,47.7552010599431,65.2278447290879,45.2602651973048,0,41.4336157292794,184,October 2018,2016,2014
United Arab Emirates,ARE,3.44000005722046,79.9300352141017,85.0706584975132,81.4174567885318,0,63.6654746889304,17,3.44000005722046,79.9300352141017,84.942552675027,71.6514892688392,0,61.2369452195544,18,3.44000005722046,79.9300352141017,79.2633435680421,85.9124059738451,0,63.3470808538507,16,October 2018,2016,2014
Argentina,ARG,44.457,59.4757461443392,77.1622463600505,58.0832247030784,0,54.4820382945853,76,44.457,59.4757461443392,77.6840686642101,47.175962847467,0,52.4865225048053,76,44.457,59.4757461443392,71.329576309954,67.6652390462987,0,55.1004215232083,69,October 2018,2016,2014
Armenia,ARM,0,55.68310540922,77.9774816792769,30.9042954006892,0,45.0248183811314,166,0,55.68310540922,78.3926186314631,24.4776445863873,0,44.3737894897648,144,0,55.68310540922,71.5228916586727,62.8483161421083,0,49.327564507344,114,October 2018,2016,2014
Antigua & Barbuda,ATG,39.9857139587402,39.2964311667155,65.6521726013372,80.3091709235635,49.2126125504156,57.1396863116588,59,39.9857139587402,39.2964311667155,62.9954742910555,71.4312637217736,49.2126125504156,54.1032407075815,66,39.9857139587402,39.2964311667155,55.4171083995194,85.3315954018042,49.2126125504156,56.4224868903334,62,October 2018,2016,2014
Australia,AUS,1.13571429252625,74.7553296238446,78.6138757837286,70.92715525391,54.75282225318,62.9258667273864,21,1.13571429252625,74.7553296238446,79.0411647928174,63.2754504865442,54.75282225318,61.3820968441005,16,1.13571429252625,74.7553296238446,72.3608982797727,77.8973727831582,54.75282225318,63.0739581526103,19,October 2018,2016,2014
Austria,AUT,0,44.9814338813451,69.55699161982,50.5958397113217,0,43.4083942880067,175,0,44.9814338813451,69.7002298881857,37.8841748894733,0,40.783972703855,178,0,44.9814338813451,62.4938370785396,48.4278574791366,0,40.6793963741854,186,October 2018,2016,2014
Azerbaijan,AZE,0,74.7874353336172,79.2721221384649,42.8192500715465,0,52.3654810133647,88,0,74.7874353336172,79.4291858271893,36.4847940841889,0,51.4456922284379,82,0,74.7874353336172,73.022160027058,55.3399559672372,0,52.8921677855105,82,October 2018,2016,2014
Burundi,BDI,0,43.5617859021015,70.0261453643789,78.0821646018,0,50.7899884907966,108,0,43.5617859021015,72.1327727959276,79.2623560682402,0,51.7364227439392,81,0,43.5617859021015,62.8764859425857,80.9594162417334,0,49.8106590072264,108,October 2018,2016,2014
Belgium,BEL,6.00757122039795,46.6242384355658,72.4494687220107,65.7541516971427,0,48.5436803408582,127,6.00757122039795,46.6242384355658,73.1344882624096,57.5746035794022,0,46.6334619611165,122,6.00757122039795,46.6242384355658,65.7057582096157,54.6410974231791,0,43.6183601506853,171,October 2018,2016,2014
Benin,BEN,0.953857123851776,45.7558649806387,69.2629443459097,68.7994536060504,0,48.2187293476193,132,0.953857123851776,45.7558649806387,68.9373090876668,71.2635645567591,0,48.8371932877454,98,0.953857123851776,45.7558649806387,62.6204176827883,73.5973658910309,0,47.8171475527437,129,October 2018,2016,2014
Burkina Faso,BFA,0,77.5255445208405,73.5346700357959,85.3102361262314,0,61.1480075528869,33,0,77.5255445208405,72.7575463186716,77.2471459449147,0,58.7724291759349,33,0,77.5255445208405,67.154476194527,89.9537453974639,0,61.0108351643311,33,October 2018,2016,2014
Bangladesh,BGD,5.12057161331177,35.4874495985472,57.6954148156247,82.5382780182518,22.9319307322849,48.8933144892674,124,5.12057161331177,35.4874495985472,58.5996645949949,73.7769143000418,22.9319307322849,46.2350658138353,127,5.12057161331177,35.4874495985472,48.5989021252265,88.6229528926591,22.9319307322849,49.0455581005224,117,October 2018,2016,2014
Bulgaria,BGR,0.49099999666214,49.5909737671928,76.7364688759671,51.3641140012128,0,46.8748623952262,144,0.49099999666214,49.5909737671928,77.1148104178777,37.7236935424984,0,44.3379674781077,145,0.49099999666214,49.5909737671928,70.2481925757054,54.8691760432003,0,45.6178491382227,152,October 2018,2016,2014
Bahrain,BHR,33.2897148132324,41.282277954482,84.8325541375746,82.1491168909195,0,57.8920913992921,54,33.2897148132324,41.282277954482,84.6448129313415,70.4579379374297,0,54.6653399514426,61,33.2897148132324,41.282277954482,79.0075162961722,87.6133386159046,0,57.845857794958,54,October 2018,2016,2014
The Bahamas,BHS,44.1674270629883,38.4422869416212,67.6730083132262,78.9698120461731,82.9855667305085,65.0092956322708,8,44.1674270629883,38.4422869416212,68.30760955374,70.7850693541151,82.9855667305085,63.2323190950057,5,44.1674270629883,38.4422869416212,59.8781056815019,83.6594202515357,82.9855667305085,64.6520865263886,8,October 2018,2016,2014
Bosnia & Herzegovina,BIH,0.129571422934532,41.4875283174781,70.6356717357326,45.3883894129045,0,41.8825400607528,183,0.129571422934532,41.4875283174781,71.9809741168734,36.187824017013,0,40.5266604509858,179,0.129571422934532,41.4875283174781,63.2138358219534,53.9475535696565,0,41.5392810966271,183,October 2018,2016,2014
Belarus,BLR,0,51.2189383841291,76.7883862140469,29.142679526562,0,43.2877157552642,177,0,51.2189383841291,77.1598815869178,29.4091707246363,0,43.4555549922336,155,0,51.2189383841291,70.3656931471669,35.5345697056175,0,42.0414463724593,180,October 2018,2016,2014
Belize,BLZ,8.29228591918945,33.7504892721016,65.8800711131182,77.7105625165423,65.315796083648,56.3083049761213,66,8.29228591918945,33.7504892721016,65.2543467185807,67.023109324745,65.315796083648,53.3371122186756,71,8.29228591918945,33.7504892721016,51.8719546156667,83.4837721083898,65.315796083648,55.0168167581656,70,October 2018,2016,2014
Bolivia,BOL,0,38.9866606161587,70.0545311113358,74.0050041317561,0,48.7941342207645,125,0,38.9866606161587,70.4892068147021,66.0242200139853,0,46.5787196299351,124,0,38.9866606161587,63.0303309078246,78.9648995279796,0,48.4318855255777,122,October 2018,2016,2014
Brazil,BRA,0.60571426153183,35.6013045066686,61.7688702020402,79.0902023555021,0.0289828600494537,47.620319291286,136,0.60571426153183,35.6013045066686,62.6495759771509,69.1806070642678,0.0289828600494537,44.6738097239238,142,0.60571426153183,35.6013045066686,53.3105249340973,83.9094427348258,0.0289828600494537,47.2242040931711,135,October 2018,2016,2014
Barbados,BRB,19.4054279327393,35.7678526481172,59.842798854107,78.2213737448641,37.7890415838534,50.5641482977083,110,19.4054279327393,35.7678526481172,59.299512633702,68.8388377146605,37.7890415838534,47.6217163836759,116,19.4054279327393,35.7678526481172,53.399732328484,84.5134223202768,37.7890415838534,51.1428813133863,95,October 2018,2016,2014
Brunei,BRN,3.95957136154175,26.0292438177653,57.0530877195612,80.6236269884329,0,45.7130698732818,157,3.95957136154175,26.0292438177653,56.2432978651087,69.8780990754729,0,41.8077911979018,173,3.95957136154175,26.0292438177653,47.6158811369796,85.3050895105753,0,45.2491550682442,158,October 2018,2016,2014
Bhutan,BTN,46.818,31.429464750528,61.8899261387637,39.4417317907234,0.985295736967418,41.3925605642051,187,46.818,31.429464750528,62.2551433464923,42.3046438719023,0.985295736967418,42.0620801968109,170,46.818,31.429464750528,52.1705618625552,47.0899377296985,0.985295736967418,40.2987268946193,187,October 2018,2016,2014
Botswana,BWA,0,83.3934984531967,79.7657108336101,73.584355830298,0,61.2073551658856,31,0,83.3934984531967,79.0776768985109,63.3736231927517,0,58.6923686427895,36,0,83.3934984531967,73.6455728398381,78.1590347659693,0,60.8062179365223,36,October 2018,2016,2014
Central African Republic,CAF,0,37.6145181190993,66.4489776823638,80.0200625942465,0,49.4641870972332,118,0,37.6145181190993,66.6379940082333,70.9408651990267,0,46.6649345311013,121,0,37.6145181190993,58.6678048145399,84.6895055447997,0,49.0491093589102,116,October 2018,2016,2014
Canada,CAN,46.649,46.3631707442874,77.9499405591119,45.7959423786372,4.16122609962281,50.0328895360495,115,46.649,46.3631707442874,78.1475119475137,31.9939094333923,4.16122609962281,47.9033035803065,111,46.649,46.3631707442874,71.594321148717,54.3723753499453,4.16122609962281,49.8499561224623,107,October 2018,2016,2014
Switzerland,CHE,43.818,43.3870728331865,63.0844068047323,56.2555770025041,0,46.7905707142408,145,43.818,43.3870728331865,63.5573257781782,43.3470675644279,0,44.0929861532212,148,43.818,43.3870728331865,55.3159952079377,58.3846723878253,0,45.3234696569239,157,October 2018,2016,2014
Chile,CHL,50.094,42.9690525146311,78.3964305584117,55.6534567399677,0,52.1518089454478,89,50.094,42.9690525146311,78.515392525309,43.8391624346167,0,49.8844411342398,89,50.094,42.9690525146311,70.7062790070689,74.011196464896,0,54.4661057965338,75,October 2018,2016,2014
China,CHN,44.536,55.5916226207533,76.9541305242352,49.1365585927874,26.4587855473816,53.1230472193266,81,44.536,55.5916226207533,77.2787430816152,29.9302053098251,26.4587855473816,50.2827454628586,85,44.536,55.5916226207533,70.4921993305948,59.2213234827019,26.4587855473816,53.3858903751875,80,October 2018,2016,2014
Cote d'Ivoire,CIV,0.318571418523788,39.9064464685662,65.2031440432097,68.8361228365807,0,46.005407851229,151,0.318571418523788,39.9064464685662,64.6190523804146,69.6117379010698,0,46.0739447880193,129,0.318571418523788,39.9064464685662,58.0647600246698,76.2443580460373,0,46.4270275767727,147,October 2018,2016,2014
Cameroon,CMR,0.236857146024704,37.6810400103899,64.0700626036112,79.082958889512,0,48.5365927653006,129,0.236857146024704,37.6810400103899,64.4863354540277,70.7302250617134,0,46.0025413974972,130,0.236857146024704,37.6810400103899,56.1278649130842,83.7651702510441,0,48.1390856673869,128,October 2018,2016,2014
"Congo, DRC",COD,0.00586666666666667,39.5666040136447,64.6769068369452,79.1408968441256,0,49.0140796483577,121,0.00586666666666667,39.5666040136447,65.0673159555562,74.1304251806014,0,47.528079554527,118,0.00586666666666667,39.5666040136447,56.6100960300528,83.4927028099242,0,48.458746543072,121,October 2018,2016,2014
Congo,COG,0.0785714313387871,32.2677041772868,63.4143657849494,79.0752628689874,0,47.5720293703128,137,0.0785714313387871,32.2677041772868,64.1112083590506,71.1725570428273,0,45.2039618166701,138,0.0785714313387871,32.2677041772868,55.2705869771525,83.598805886775,0,47.0846238953575,136,October 2018,2016,2014
Colombia,COL,0.541857123374939,31.2363424972934,56.3904958108923,78.3302279355833,5.14297394882033,45.4267883721209,162,0.541857123374939,31.2363424972934,58.9769162245794,68.6964631763131,5.14297394882033,42.8950663435417,163,0.541857123374939,31.2363424972934,45.1520963202748,83.0050987105392,5.14297394882033,44.566828688724,164,October 2018,2016,2014
Comoros,COM,11.669713973999,34.8795126199256,65.1403658068687,78.2052203981607,46.2500830050026,52.6329869146445,83,11.669713973999,34.8795126199256,65.6892655511952,67.0071449138222,46.2500830050026,49.5920757399114,91,11.669713973999,34.8795126199256,56.1901976690608,83.3319262350134,46.2500830050026,52.1409264339136,86,October 2018,2016,2014
Cape Verde,CPV,17.7437133789062,40.9745732547736,79.9264148837771,73.8026316037483,0.585687609014646,52.5911746886703,84,17.7437133789062,40.9745732547736,79.7618077026403,61.5694838144559,0.585687609014646,49.288630236659,94,17.7437133789062,40.9745732547736,72.2681386557773,78.738846810683,0.585687609014646,51.8007488550229,88,October 2018,2016,2014
Costa Rica,CRI,3.46557140350342,44.949726217471,58.4107587253344,75.2955760495699,48.4707457148066,51.8905420473396,93,3.46557140350342,44.949726217471,57.8510668119568,62.8244903760141,48.4707457148066,48.3230044277365,105,3.46557140350342,44.949726217471,45.824898235962,81.1490371430649,48.4707457148066,51.1214021519571,96,October 2018,2016,2014
Cuba,CUB,9.37814331054688,38.7168031644167,67.3080229987209,79.2594856376794,90.6368907470271,64.2096914913313,12,9.37814331054688,38.7168031644167,67.8909466376469,70.1600021147152,90.6368907470271,62.1829444713042,10,9.37814331054688,38.7168031644167,59.3444956019546,84.1072683931573,90.6368907470271,63.87141479304,13,October 2018,2016,2014
Cyprus,CYP,6.81257152557373,79.7268366469518,79.3021300536338,71.8285373410718,0,59.7510606100377,41,6.81257152557373,79.7268366469518,79.2787615540843,61.3718700605375,0,57.3662062207318,42,6.81257152557373,79.7268366469518,73.2709349578528,75.088443375038,0,59.0079381958139,44,October 2018,2016,2014
Czech Republic,CZE,0,45.5761162200697,75.8014026571593,54.6979277537188,0,46.5078451770218,147,0,45.5761162200697,76.0117979749925,39.7818566643187,0,43.4455335351213,156,0,45.5761162200697,69.2932774442068,57.9233341688844,0,45.2412495625516,159,October 2018,2016,2014
Germany,DEU,5.08985710144043,45.3638419061435,75.3189173258717,71.1480937657182,0,50.6335370114227,109,5.08985710144043,45.3638419061435,75.5278616223864,60.6587401894138,0,47.890970840892,112,5.08985710144043,45.3638419061435,68.7770216627381,61.6818211404796,0,46.0840765683799,150,October 2018,2016,2014
Djibouti,DJI,3.09999990463257,80.0721188676521,82.2111888221963,84.8798222828336,0,63.8504784910628,15,3.09999990463257,80.0721188676521,81.9134704903828,77.0392338934192,0,61.7511367118499,13,3.09999990463257,80.0721188676521,76.0937612618362,89.1429976679912,0,63.4947064810492,15,October 2018,2016,2014
Denmark,DNK,17.8309993743896,43.1927570371016,75.2259750711204,65.0914843475234,0,49.1516173876715,119,17.8309993743896,43.1927570371016,75.6401829420307,51.0769940369531,0,45.8559819315002,132,17.8309993743896,43.1927570371016,68.6548732002947,68.6299454244942,0,48.1811577741199,126,October 2018,2016,2014
Dominican Republic,DOM,4.29014301300049,36.1863450025512,68.7508667569907,75.1976211612688,45.1697662264483,52.4395434396961,86,4.29014301300049,36.1863450025512,70.9693096535488,63.2215963431689,45.1697662264483,49.8031682316447,90,4.29014301300049,36.1863450025512,61.8826130707748,81.4247009105678,45.1697662264483,52.5882199575348,84,October 2018,2016,2014
Algeria,DZA,0.59928572177887,82.4542291726118,84.8598955402944,68.5852838950943,0.0587067168987812,61.1624158064164,32,0.59928572177887,82.4542291726118,85.111432674944,63.1554693225221,0.0587067168987812,60.0526964850607,24,0.59928572177887,82.4542291726118,79.0645529946904,74.2947169295715,0.0587067168987812,60.9425483585974,34,October 2018,2016,2014
Ecuador,ECU,1.2972856760025,28.7357355803923,63.1212896925413,73.992136415031,0,45.3575989514032,163,1.2972856760025,28.7357355803923,63.1168197384408,66.4865658291214,0,42.9688766879385,161,1.2972856760025,28.7357355803923,54.381206339663,79.1075517171722,0,44.8168401186729,162,October 2018,2016,2014
Egypt,EGY,5.02328586578369,81.8951556357328,85.4060985429867,70.9515829822782,0,61.742009545391,27,5.02328586578369,81.8951556357328,85.5245839051899,62.3299678649809,0,59.8857733751443,27,5.02328586578369,81.8951556357328,79.7702295465628,78.7586809354255,0,62.1261124843487,24,October 2018,2016,2014
Eritrea,ERI,2.96671438217163,85.1844234126653,81.7029462544215,80.4202772257855,0,63.8873693340064,14,2.96671438217163,85.1844234126653,81.4507906187107,71.1510556583353,0,61.5822886877099,14,2.96671438217163,85.1844234126653,75.5299952440978,85.4886246957793,0,63.684020790655,14,October 2018,2016,2014
Spain,ESP,1.48199999332428,71.8974740778576,76.6697428668532,55.9052743245774,0.29448402904842,53.2450542157211,80,1.48199999332428,71.8974740778576,76.2234190048412,44.3105308577038,0.29448402904842,50.8821433771788,84,1.48199999332428,71.8974740778576,70.3421631169629,63.8602451769003,0.29448402904842,53.2872980167451,81,October 2018,2016,2014
Estonia,EST,4.0065712928772,49.5168114250186,76.5322102360398,43.6665733371282,0,45.2369673118036,165,4.0065712928772,49.5168114250186,76.9548768799888,34.3525373945789,0,43.749553433803,151,4.0065712928772,49.5168114250186,69.879509906778,62.0174753367399,0,47.3228916681565,134,October 2018,2016,2014
Ethiopia,ETH,0,57.0230056997117,74.0133320977759,72.5983851598638,0,52.9152568453843,82,0,57.0230056997117,74.2087369791146,60.7059427884513,0,49.8874158739446,88,0,57.0230056997117,66.728476704617,78.6765219118132,0,52.7149084842001,83,October 2018,2016,2014
Finland,FIN,2.05357146263123,44.6744785166402,77.914995530474,23.0124623568363,0,41.4737173128343,186,2.05357146263123,44.6744785166402,78.3686660788433,15.3174327551671,0,40.9299346583211,177,2.05357146263123,44.6744785166402,71.6052113251391,50.976762269161,0,44.1043371265236,165,October 2018,2016,2014
Fiji,FJI,15.9301424026489,29.8962263846941,72.5628055816803,78.9295189532758,75.6365452550052,60.6030865273482,37,15.9301424026489,29.8962263846941,65.1560000451996,70.8537070582148,75.6365452550052,56.8049168873741,45,15.9301424026489,29.8962263846941,72.6943538532588,83.2943843597934,75.6365452550052,61.7913656025594,27,October 2018,2016,2014
France,FRA,2.04328560829163,42.3756906092658,73.8114817289801,55.9240040132739,7.14506678184182,45.6652060324061,160,2.04328560829163,42.3756906092658,74.1888861639693,41.1068230831387,7.14506678184182,42.5316067983449,165,2.04328560829163,42.3756906092658,67.3375406099739,55.4797999159233,7.14506678184182,43.5046634836244,173,October 2018,2016,2014
Micronesia,FSM,49.643856048584,51.3244173564299,50.8774677558291,80.0419999509422,45.8794666797703,56.919016513924,63,49.643856048584,51.3244173564299,48.5799674329887,72.7389561205548,45.8794666797703,54.5061513894862,63,49.643856048584,51.3244173564299,36.8786018658977,86.2918618306918,45.8794666797703,56.5861297792317,61,October 2018,2016,2014
Gabon,GAB,0.61257141828537,34.0749252080643,62.2301801809395,79.2289457655862,0,47.5632146603992,138,0.61257141828537,34.0749252080643,63.0645055367715,69.880163138081,0,44.7701794289011,141,0.61257141828537,34.0749252080643,53.4189959892487,84.0133121712171,0,47.0601774883084,137,October 2018,2016,2014
United Kingdom,GBR,7.67614269256592,34.4401738544003,68.9428657137235,50.1639527556795,18.2365217898744,42.0646178103286,182,7.67614269256592,34.4401738544003,69.2966607489447,34.0442620596395,18.2365217898744,38.8295208285919,188,7.67614269256592,34.4401738544003,61.9848379485438,58.4042887511452,18.2365217898744,42.0257077246413,181,October 2018,2016,2014
Georgia,GEO,1.30628573894501,34.5871878477647,71.613581749197,40.1446998430976,0,39.8449042214677,191,1.30628573894501,34.5871878477647,71.8048407164782,28.2877070803241,0,37.8262064390003,190,1.30628573894501,34.5871878477647,64.4918382964975,51.2428696870326,0,39.9574995370634,190,October 2018,2016,2014
Ghana,GHA,0.796285688877106,39.3855794821601,68.0443377456435,82.9843363785914,0,51.1239472761685,106,0.796285688877106,39.3855794821601,67.7782181632572,73.6837272655036,0,48.1145226790562,109,0.796285688877106,39.3855794821601,60.9621404379192,87.7393919329177,0,50.9243387891774,100,October 2018,2016,2014
Guinea,GIN,0.696142852306366,44.6081096073695,62.1884046277611,81.8087806018693,0.739579291062079,50.1018747929708,114,0.696142852306366,44.6081096073695,62.8766898450033,75.1698970556414,0.739579291062079,48.1558025254738,107,0.696142852306366,44.6081096073695,54.7391782820909,86.1217754985305,0.739579291062079,49.8081376667699,109,October 2018,2016,2014
The Gambia,GMB,3.78328561782837,85.2681161849486,69.9580845268636,83.4498465568032,0,61.8756420068798,26,3.78328561782837,85.2681161849486,70.1679358866457,73.8553283564365,0,59.435870719668,31,3.78328561782837,85.2681161849486,63.4728378820581,87.4391814161465,0,61.5782047210273,29,October 2018,2016,2014
Guinea-Bissau,GNB,7.91699981689453,50.3703700934133,59.0020021333418,83.7514266080868,3.13033915433263,51.1960736918407,104,7.91699981689453,50.3703700934133,59.398018988795,75.4359250502556,3.13033915433263,48.6381651394259,103,7.91699981689453,50.3703700934133,54.3815858700142,87.2950276546795,3.13033915433263,51.3564617699434,93,October 2018,2016,2014
Equatorial Guinea,GNQ,1.65142858028412,37.4631593689146,66.4738026513127,77.3626772284865,0,48.6003411369532,126,1.65142858028412,37.4631593689146,66.4947387987423,66.7674354835651,0,45.3556088157164,137,1.65142858028412,37.4631593689146,57.8897053304095,82.6411715955376,0,48.1393742214857,127,October 2018,2016,2014
Greece,GRC,9.47114276885986,53.7166393472333,76.617080251585,60.9037674899734,0,50.1091324388268,113,9.47114276885986,53.7166393472333,77.7900258919358,47.6741358251531,0,47.5379663911953,117,9.47114276885986,53.7166393472333,69.7080281143346,66.6711989782139,0,49.5569124237786,112,October 2018,2016,2014
Grenada,GRD,25.4547138214111,39.7437204699753,65.5776620718166,82.5572696665321,60.9616033388766,58.4122510981556,51,25.4547138214111,39.7437204699753,66.9184725101068,74.1090613865937,60.9616033388766,56.4164121455093,49,25.4547138214111,39.7437204699753,57.0303863669286,86.7841561024883,60.9616033388766,57.8407772661368,55,October 2018,2016,2014
Guatemala,GTM,0.476142853498459,41.9106542878961,57.3569363314145,75.2146166278065,31.416271177233,48.3544588416245,131,0.476142853498459,41.9106542878961,54.1055416325033,65.1891739535114,31.416271177233,44.5437981892556,143,0.476142853498459,41.9106542878961,42.6873405890984,80.6045660736729,31.416271177233,47.0383181417718,138,October 2018,2016,2014
Guyana,GUY,1.02499997615814,34.9537466190602,58.1915025665801,83.5493708592038,0,48.1447055647569,134,1.02499997615814,34.9537466190602,56.1558503731733,75.3767753486455,0,44.8507587912512,140,1.02499997615814,34.9537466190602,46.5259516201389,86.9705230865847,0,46.800322836011,140,October 2018,2016,2014
Honduras,HND,1.11985719203949,38.2149954059644,64.7228871561395,74.3886835438758,44.9776333625837,51.3952445623614,102,1.11985719203949,38.2149954059644,65.8351888737553,62.4885552325749,44.9776333625837,48.4225548396717,104,1.11985719203949,38.2149954059644,55.2731139957483,80.2354427987415,44.9776333625837,50.9459927154326,99,October 2018,2016,2014
Croatia,HRV,5.52457141876221,45.6884197302345,70.4393943314078,48.9931295408032,0,43.543053642997,173,5.52457141876221,45.6884197302345,71.22130404388,39.6554241947345,0,41.8640165406575,171,5.52457141876221,45.6884197302345,63.1802914332633,56.7107528293361,0,43.1875243533806,175,October 2018,2016,2014
Haiti,HTI,6.42199993133545,39.1722982599661,69.8528895642176,77.0610824441376,61.9184906831844,56.9691971691762,62,6.42199993133545,39.1722982599661,71.5761423915637,65.4344484530594,61.9184906831844,54.4323832411973,65,6.42199993133545,39.1722982599661,65.4750644851409,83.0497848486765,61.9184906831844,57.6087864050515,56,October 2018,2016,2014
Hungary,HUN,0,45.452242995039,77.2707860449859,49.036987613439,0,45.697498670038,158,0,45.452242995039,78.1768726769261,39.2693842757018,0,44.0899407035598,149,0,45.452242995039,70.6852850503249,55.3213625554492,0,44.9950421066971,161,October 2018,2016,2014
Indonesia,IDN,4.94500017166138,33.5323666723349,52.5708713594427,80.6005445924909,4.98130423201393,45.6811346997745,159,4.94500017166138,33.5323666723349,52.5539762551487,70.5482158710174,4.98130423201393,42.220036039795,169,4.94500017166138,33.5323666723349,41.6141858446994,85.3064333859498,4.98130423201393,45.1278496579356,160,October 2018,2016,2014
India,IND,44.824,55.6542698574406,70.5759132879623,76.7672738842426,22.4423027627029,57.4184979927304,57,44.824,55.6542698574406,70.8661797556131,65.8585652992334,22.4423027627029,54.7167465024848,60,44.824,55.6542698574406,63.3572056864509,82.2282761133177,22.4423027627029,57.2466079128203,59,October 2018,2016,2014
Ireland,IRL,5.46528577804565,29.0658379050939,69.6846498794731,50.234505324857,47.3937712971453,45.8264504267674,153,5.46528577804565,29.0658379050939,70.4480609040063,33.6892375839308,47.3937712971453,42.9389237257948,162,5.46528577804565,29.0658379050939,62.8124719217104,60.6373859623298,47.3937712971453,46.3533408607993,148,October 2018,2016,2014
Iran,IRN,1.28385710716248,83.6936095485743,82.6666266793959,65.1489060529098,10.8995680656075,60.3377498400448,40,1.28385710716248,83.6936095485743,82.7169498157582,57.4101021523748,10.8995680656075,58.7589699847205,35,1.28385710716248,83.6936095485743,76.7008789185842,68.937137045551,10.8995680656075,59.5993671833486,40,October 2018,2016,2014
Iraq,IRQ,1.02257144451141,81.2003809380334,83.2625696752827,90.7918909915571,0,65.9854082287819,4,1.02257144451141,81.2003809380334,83.2772085273143,66.8394812452109,0,59.9952618630364,25,1.02257144451141,81.2003809380334,77.3268636986447,90.6142101534522,0,64.4746872005497,10,October 2018,2016,2014
Iceland,ISL,51.602,28.7649032216005,69.877300538293,32.9634821854444,30.3666081872013,45.5669732206388,161,51.602,28.7649032216005,69.4387150843707,17.4909050970057,30.3666081872013,43.6806224035874,152,51.602,28.7649032216005,63.3014971407235,43.3406829356464,30.3666081872013,45.3824003149421,155,October 2018,2016,2014
Israel,ISR,10.1174287796021,81.7705233030479,81.6996119400561,69.7376185643187,0,60.5424526766843,39,10.1174287796021,81.7705233030479,81.4884040737517,59.6419024437188,0,58.2860143978943,39,10.1174287796021,81.7705233030479,75.8044866753843,75.2193647775919,0,60.3208983421626,39,October 2018,2016,2014
Italy,ITA,5.55700016021729,45.6246347051005,72.54106507008,53.9482080631552,0,45.3543885803382,164,5.55700016021729,45.6246347051005,72.566286900647,40.2457719941757,0,42.4218710117994,167,5.55700016021729,45.6246347051005,65.6336868909025,63.0046281466006,0,45.5847596583309,153,October 2018,2016,2014
Jamaica,JAM,7.78200006484985,42.0252510062563,66.495507627608,78.225828064341,93.6240556778124,65.0124261348789,7,7.78200006484985,42.0252510062563,65.4970664573891,67.9808757268601,93.6240556778124,62.4554404801131,7,7.78200006484985,42.0252510062563,65.5146892717094,83.1629378184707,93.6240556778124,66.0308924453967,3,October 2018,2016,2014
Jordan,JOR,3.01985716819763,81.3048332326086,84.6818078519255,69.1059645961041,0,60.9364232099769,35,3.01985716819763,81.3048332326086,84.8713567846413,60.3272196590877,0,59.0967276227039,32,3.01985716819763,81.3048332326086,78.8828667696871,75.3001539199796,0,60.847703809553,35,October 2018,2016,2014
Japan,JPN,6.63928556442261,42.258293719044,63.1197746510417,56.5672820425928,100,61.6665336313555,28,6.63928556442261,42.258293719044,63.5037707126423,44.0076438338185,100,59.6644703510875,29,6.63928556442261,42.258293719044,55.2964948868214,64.3109386799146,100,61.6821573577172,28,October 2018,2016,2014
Kazakhstan,KAZ,9.58128547668457,88.6704230613286,82.1734003333273,51.2720239301807,0,58.8821418046236,46,9.58128547668457,88.6704230613286,82.2036468139471,32.1190271263755,0,56.1129511081314,53,9.58128547668457,88.6704230613286,76.1940058297196,60.9295013007222,0,59.1137473188678,43,October 2018,2016,2014
Kenya,KEN,0.172142863273621,71.3283109823632,75.7472848659591,79.1418266195205,0,58.4616754224528,50,0.172142863273621,71.3283109823632,75.6497074189985,69.8741307650784,0,56.0232629601623,54,0.172142863273621,71.3283109823632,69.1398695621951,83.6923771955886,0,58.0904349174425,53,October 2018,2016,2014
Kyrgyzstan,KGZ,0,86.1472514306699,80.0422770304718,26.7366896947087,0,53.9313742029869,78,0,86.1472514306699,80.8824737641348,13.6971368153412,0,53.1995019679756,72,0,86.1472514306699,73.7546904378972,48.3832696286353,0,55.1399021954271,68,October 2018,2016,2014
Cambodia,KHM,0.763857126235962,35.9432969509016,61.1800674257977,83.6749845390573,5.33554646461117,49.123264991901,120,0.763857126235962,35.9432969509016,62.4859242900241,78.912676153296,5.33554646461117,47.8595305483445,114,0.763857126235962,35.9432969509016,53.0210785084631,88.6097754411939,5.33554646461117,48.9569182024879,119,October 2018,2016,2014
Kiribati,KIR,96.9329986572266,25.5545937885198,64.9044039764133,83.3557188577257,0,65.1303324330527,6,96.9329986572266,25.5545937885198,60.6073300097431,74.6027391383557,0,62.1093561876689,12,96.9329986572266,25.5545937885198,55.2352608995272,87.9704410468379,0,64.5581536864123,9,October 2018,2016,2014
St. Kitts & Nevis,KNA,33.3662872314453,36.3478119460791,65.6953243770219,78.5290008329641,49.8146674236391,55.4953209995805,70,33.3662872314453,36.3478119460791,65.5610023169657,70.115588481023,49.8146674236391,53.160915003886,73,33.3662872314453,36.3478119460791,54.3809896178708,83.4527580492182,49.8146674236391,54.475000698021,74,October 2018,2016,2014
South Korea,KOR,6.31842851638794,35.2338829544967,67.2366076221008,49.6598572603201,46.9025292179163,45.7560031507322,155,6.31842851638794,35.2338829544967,67.281058617068,35.9735826473628,46.9025292179163,43.1324374250409,158,6.31842851638794,35.2338829544967,59.299327672916,61.9223058293294,46.9025292179163,46.5445561063509,145,October 2018,2016,2014
Kuwait,KWT,8.14914321899414,43.9964059996634,84.4053105905875,78.8871018647142,0,55.4067208425083,71,8.14914321899414,43.9964059996634,84.5664034957851,69.292756687978,0,52.8300198858985,74,8.14914321899414,43.9964059996634,78.5542823851137,81.9743537831923,0,54.5759328556151,73,October 2018,2016,2014
Laos,LAO,0,30.3521129267978,62.6881755350842,76.7930048343169,22.2814880557654,47.4229657708188,141,0,30.3521129267978,64.6157702357973,69.3282752477582,22.2814880557654,45.6055325176553,134,0,30.3521129267978,54.6843780724268,82.9547654791479,22.2814880557654,47.5175542088791,133,October 2018,2016,2014
Lebanon,LBN,0.807285726070404,81.6067018797237,76.1679930310033,60.5279491202473,0,56.7899661718579,64,0.807285726070404,81.6067018797237,76.772028580766,47.9135707771878,0,54.4976332310976,64,0.807285726070404,81.6067018797237,69.5349907811297,67.5691692433821,0,56.676296768759,60,October 2018,2016,2014
Liberia,LBR,0.543571412563324,38.6597347947698,50.5926839401741,80.7347725470548,0,45.9838965960422,152,0.543571412563324,38.6597347947698,50.9008398554908,72.8719109751991,0,43.3499284231339,157,0.543571412563324,38.6597347947698,43.4943558511715,85.1289931358431,0,46.1163203812127,149,October 2018,2016,2014
Libya,LBY,1.12414288520813,82.9612577760143,85.4223421755834,73.709137299747,0,62.6320164983374,23,1.12414288520813,82.9612577760143,85.4823266300478,64.0398676158342,0,60.4849845818686,22,1.12414288520813,82.9612577760143,79.6664093048085,79.3901017541122,0,62.5033743361976,23,October 2018,2016,2014
St. Lucia,LCA,12.3855714797974,41.0322836715729,59.6244110878517,80.8215891674661,38.6259177096996,51.8000229270796,95,12.3855714797974,41.0322836715729,58.2821284445269,72.0037234925843,38.6259177096996,48.806464522485,100,12.3855714797974,41.0322836715729,51.1875018319394,85.2446333540624,38.6259177096996,51.4117108498937,90,October 2018,2016,2014
Liechtenstein,LIE,0,43.2975284422715,64.8730361977851,57.6530857113555,0,43.3752581243486,176,0,43.2975284422715,65.0536303853235,44.0419130595426,0,40.1156849660177,184,0,43.2975284422715,56.4457180108523,58.2758622356724,0,41.1263204536487,185,October 2018,2016,2014
Sri Lanka,LKA,3.59085702896118,38.9383577162585,63.853919651226,82.345973347139,22.804128854075,50.8080714649709,107,3.59085702896118,38.9383577162585,63.305621003609,74.1788411076632,22.804128854075,48.0816396712165,110,3.59085702896118,38.9383577162585,54.1260419563864,86.9826053145669,22.804128854075,50.0893607342103,104,October 2018,2016,2014
Lesotho,LSO,0,57.5580861419196,74.4160021507633,59.9675815096875,0,49.8934574639683,116,0,57.5580861419196,74.5372323330613,47.4129436389604,0,47.1523477860957,120,0,57.5580861419196,67.8043324480853,63.4092159282974,0,48.8489292486387,120,October 2018,2016,2014
Lithuania,LTU,2.13385725021362,46.8359502163776,76.2189789706744,50.8085572631597,0,46.0195650260434,150,2.13385725021362,46.8359502163776,76.5347616402518,35.2181303883252,0,43.1185482752249,159,2.13385725021362,46.8359502163776,69.5289162366379,61.4385900255972,0,46.491139191915,146,October 2018,2016,2014
Luxembourg,LUX,0,47.768351695623,72.1490760428996,57.7800580058036,0,46.5313651222804,146,0,47.768351695623,72.5419576558256,44.4364491174208,0,43.63198151453,153,0,47.768351695623,65.6356201734898,60.8632255559241,0,45.3744031020721,156,October 2018,2016,2014
Latvia,LVA,1.76442861557007,49.0461477789184,76.5363201486701,46.7455658861733,0,45.7200044886464,156,1.76442861557007,49.0461477789184,77.0951497268578,37.6117453678737,0,44.1971567441059,146,1.76442861557007,49.0461477789184,69.7865127411634,59.8482892430403,0,46.60603588846,142,October 2018,2016,2014
Morocco,MAR,0.913428544998169,82.9496061869812,81.1456262163662,61.1900520905764,4.76626145989292,58.70779146839,47,0.913428544998169,82.9496061869812,81.3166462452243,49.4233817960244,4.76626145989292,56.4964713788617,47,0.913428544998169,82.9496061869812,75.0594434625987,68.8919398724407,4.76626145989292,58.7949116827114,46,October 2018,2016,2014
Moldova,MDA,0,82.229185010052,78.236942066617,50.7873136454113,0,55.6093682731065,69,0,82.229185010052,78.8146291855177,37.7080042831358,0,53.6568322361375,69,0,82.229185010052,71.7469264468161,51.5386317485324,0,53.9731245797258,77,October 2018,2016,2014
Madagascar,MDG,1.3024286031723,37.9873692049072,64.8271091999888,73.6926289072734,87.6976720480667,61.2678967559993,30,1.3024286031723,37.9873692049072,64.8633896122781,62.6314198039228,87.6976720480667,58.763206652932,34,1.3024286031723,37.9873692049072,57.1234685267897,79.4504662881637,87.6976720480667,61.1736634050378,31,October 2018,2016,2014
Maldives,MDV,100,42.7915069433429,56.6042530056922,84.1966713657987,0,66.5195219373905,3,100,42.7915069433429,58.1661611389844,76.8064413687163,0,64.9825281192637,3,100,42.7915069433429,47.2647786477238,87.9413358943647,0,66.0284043817295,4,October 2018,2016,2014
Mexico,MEX,2.24771428108215,59.122344271313,74.9691426388207,70.199084835962,55.7706223945401,58.5818231087184,48,2.24771428108215,59.122344271313,75.5635439041354,59.6934631887299,55.7706223945401,56.363152588754,51,2.24771428108215,59.122344271313,68.1752276036951,76.1270970932181,55.7706223945401,58.4021621253106,48,October 2018,2016,2014
Marshall Is.,MHL,100,50.0250779947401,44.5119571264435,82.2812625245591,49.3109108214105,68.8267314991475,2,100,50.0250779947401,46.6011591046091,72.0576395617662,49.3109108214105,66.7803051857708,2,100,50.0250779947401,33.4192799560405,87.8668260233391,49.3109108214105,68.951434709675,2,October 2018,2016,2014
Mali,MLI,0,76.7074436100044,81.0335112272015,85.3843793055064,0.107138874825683,62.8346489687276,22,0,76.7074436100044,81.0164780062395,77.8508529874283,0.107138874825683,60.8415456794552,21,0,76.7074436100044,74.9557824210146,89.7647052124252,0.107138874825683,62.5461669555227,22,October 2018,2016,2014
Malta,MLT,29.7687149047852,45.9221168344244,79.2073226447255,66.9139182325416,0,52.4333665053348,87,29.7687149047852,45.9221168344244,78.2294278376547,55.2620530614639,0,49.3330621186477,93,29.7687149047852,45.9221168344244,72.9611239191615,73.0141784378195,0,52.2482785518028,85,October 2018,2016,2014
Myanmar,MMR,46.172,35.6393203775957,59.9710018587009,76.1250095224992,42.4235499756655,54.0246433995665,77,46.172,35.6393203775957,60.7539416776028,67.1739413239691,42.4235499756655,51.778667723062,80,46.172,35.6393203775957,52.3077656795865,81.2799339294343,42.4235499756655,53.9338527151147,78,October 2018,2016,2014
Montenegro,MNE,1.57085716724396,38.0660838739679,69.9312694806915,43.7438481584635,0,40.6334862807307,188,1.57085716724396,38.0660838739679,71.802836124304,31.412601836539,0,38.9715105259584,187,1.57085716724396,38.0660838739679,61.5152832226363,53.42499553816,0,40.2240091287614,189,October 2018,2016,2014
Mongolia,MNG,0,87.2364014641083,82.6727779695911,51.1005166021048,0.0570271004156162,58.405896974036,52,0,87.2364014641083,82.9684677418699,35.8334436293017,0.0570271004156162,56.174719072311,52,0,87.2364014641083,76.7005972950591,61.5744703318281,0.0570271004156162,58.7955610817029,45,October 2018,2016,2014
Mozambique,MOZ,0.588714301586151,45.9061667238866,71.7422454709017,76.3945338334345,52.3562522289091,56.2707285541998,67,0.588714301586151,45.9061667238866,72.2085443444546,66.5416105436669,52.3562522289091,53.8344865032768,68,0.588714301586151,45.9061667238866,64.536025576521,81.22448917404,52.3562522289091,55.8770366323491,64,October 2018,2016,2014
Mauritania,MRT,1.0375714302063,83.1252536307029,84.5132801108935,83.0953816677108,0,64.7429089788934,10,1.0375714302063,83.1252536307029,84.5156448482872,72.4524654664799,0,62.1339493705892,11,1.0375714302063,83.1252536307029,78.6926621284877,87.5934746524528,0,64.4608970154771,11,October 2018,2016,2014
Mauritius,MUS,10.2201433181763,50.2968405320889,60.1012975728416,75.1824210364453,91.8437884097845,63.7715726154786,16,10.2201433181763,50.2968405320889,59.2282221042732,65.7816942990373,91.8437884097845,61.4893788631839,15,10.2201433181763,50.2968405320889,49.2141807692214,80.5765764273225,91.8437884097845,63.2204479958019,17,October 2018,2016,2014
Malawi,MWI,0,44.7425107553184,71.1422322009759,73.8163285353638,11.8196590724187,50.3024137994517,111,0,44.7425107553184,70.5932292979092,63.8095313066829,11.8196590724187,47.321574186757,119,0,44.7425107553184,63.3995659001029,78.8646178793987,11.8196590724187,49.7608872888397,111,October 2018,2016,2014
Malaysia,MYS,3.30742859840393,32.6217295787669,51.8297994232503,71.8406447927822,0,42.2433963528994,180,3.30742859840393,32.6217295787669,51.8618848474659,68.5189735498383,0,41.1330066027248,176,3.30742859840393,32.6217295787669,42.3403062988179,79.0881331013189,0,42.7147530943897,178,October 2018,2016,2014
Namibia,NAM,0.330285727977753,84.6374488579953,81.5771851752595,79.5660723144115,0,63.4810268387533,19,0.330285727977753,84.6374488579953,81.0924796603492,70.6338621757326,0,61.2025156038155,19,0.330285727977753,84.6374488579953,75.5811232640817,82.8354829116726,0,62.8296590169359,20,October 2018,2016,2014
Niger,NER,0,83.4142212436723,83.3033747182044,83.8401060675325,0,64.6939686996323,11,0,83.4142212436723,83.1917429571619,74.8403987635918,0,62.4177597948408,8,0,83.4142212436723,77.364131043961,89.852824251914,0,64.8331259525882,6,October 2018,2016,2014
Nigeria,NGA,0.432142853736877,53.0109730542376,68.9293001130214,83.3856986332385,0,53.8790741609902,79,0.432142853736877,53.0109730542376,68.9750525764975,74.8802288592803,0,51.3321664525314,83,0.432142853736877,53.0109730542376,61.7552832040814,88.0788652463241,0,53.631989555301,79,October 2018,2016,2014
Nicaragua,NIC,1.9151428937912,44.8312441508205,60.7129088009663,76.3158756974467,41.7824991777202,51.5159308185204,99,1.9151428937912,44.8312441508205,61.2312021098805,63.8036540251748,41.7824991777202,48.1236986125039,108,1.9151428937912,44.8312441508205,49.4573202308967,82.0775075337936,41.7824991777202,50.8763780733883,101,October 2018,2016,2014
Netherlands,NLD,25.2674293518066,44.4899756864009,74.3102409789013,72.7395315879647,0,51.8282785602686,94,25.2674293518066,44.4899756864009,74.4044058031291,61.620828605993,0,48.889555210967,97,25.2674293518066,44.4899756864009,67.8035184813418,64.1111215310258,0,47.5927598381113,132,October 2018,2016,2014
Norway,NOR,7.40057134628296,38.8746460771838,70.3503705494247,34.6144506880798,34.591819973525,42.2135888212253,181,7.40057134628296,38.8746460771838,70.7553708554242,20.1804741174143,34.591819973525,40.4380380667775,180,7.40057134628296,38.8746460771838,63.0520384426191,53.1875740310437,34.591819973525,43.7426065890814,170,October 2018,2016,2014
Nepal,NPL,53.618,37.3735639508151,71.77733341525,61.8849073072818,0,51.4847560954123,100,53.618,37.3735639508151,71.8149674307779,51.238972029693,0,49.1009063218369,96,53.618,37.3735639508151,61.0397432717619,67.0236300137519,0,49.9793766373463,106,October 2018,2016,2014
Nauru,NRU,0,15.4108555643473,27.0275630846952,83.6446610126183,0,39.9109332174485,190,0,15.4108555643473,27.0275630846952,75.4164106503611,0,36.4845683293807,191,0,15.4108555643473,27.0275630846952,88.3294650995295,0,41.8809695214697,182,October 2018,2016,2014
New Zealand,NZL,3.46871423721313,32.8387203992287,61.9060405492681,56.1773891744737,5.10162040952879,40.2608916385839,189,3.46871423721313,32.8387203992287,63.3234964086778,45.6300175572604,5.10162040952879,37.969471332682,189,3.46871423721313,32.8387203992287,53.996490273857,63.7926666293942,5.10162040952879,40.2531125363116,188,October 2018,2016,2014
Oman,OMN,1.01300001144409,79.2936313719312,84.6536145593012,80.43423307004,66.0913363329977,69.7028997832552,1,1.01300001144409,79.2936313719312,84.6331821092501,69.8190032259944,66.0913363329977,67.3706755329961,1,1.01300001144409,79.2936313719312,78.8292358660498,84.5352006520627,66.0913363329977,69.3063048502257,1,October 2018,2016,2014
Pakistan,PAK,44.654,73.6791400768312,81.5409529775092,68.4579165092451,14.3914100253965,61.5875335213995,29,44.654,73.6791400768312,81.9365603080896,57.8478853743533,14.3914100253965,59.4805612589288,30,44.654,73.6791400768312,75.429698417323,74.9385093136269,14.3914100253965,61.5388132197189,30,October 2018,2016,2014
Panama,PAN,6.11871433258057,29.9003154154808,60.8717629330455,78.2129260970361,20.7264837087541,47.2941602847445,142,6.11871433258057,29.9003154154808,62.3894945802502,66.8710807324479,20.7264837087541,44.1027099536136,147,6.11871433258057,29.9003154154808,50.5373994816094,83.2125446619453,20.7264837087541,46.5605218816075,143,October 2018,2016,2014
Peru,PER,44.333,41.7797528245535,64.386982191203,72.3589899799076,0,51.1712214856817,105,44.333,41.7797528245535,64.06481738605,65.5813877428486,0,49.2263788635048,95,44.333,41.7797528245535,56.8459414751104,76.0355922453814,0,50.4456836317606,102,October 2018,2016,2014
Philippines,PHL,8.39299964904785,26.960572608038,57.6610072879784,80.4427454710429,70.7106781186548,55.8446809980064,68,8.39299964904785,26.960572608038,59.023917116111,72.5724750943928,70.7106781186548,53.9405262330986,67,8.39299964904785,26.960572608038,46.7676847034811,85.0232660206407,70.7106781186548,55.1606508587472,67,October 2018,2016,2014
Palau,PLW,48.2558555603027,38.7517197809226,59.5402324483768,84.521837737286,38.1188047638839,56.5196372829088,65,48.2558555603027,38.7517197809226,55.5423812246598,77.6187494627451,38.1188047638839,53.6525731698469,70,48.2558555603027,38.7517197809226,42.3854135935498,88.7979491775204,38.1188047638839,54.7082548105728,71,October 2018,2016,2014
Papua New Guinea,PNG,3.05685710906982,28.3170869428067,45.4227723224685,80.1896928853064,18.6641063778877,43.9389707337244,171,3.05685710906982,28.3170869428067,40.0937434374755,72.7053059130286,18.6641063778877,40.1325813421814,183,3.05685710906982,28.3170869428067,36.6007915095409,84.5127996127895,18.6641063778877,43.91259931435,166,October 2018,2016,2014
Poland,POL,1.76114284992218,42.6738186431944,77.0820939001328,59.4073713989196,0,47.5290256544107,139,1.76114284992218,42.6738186431944,77.5007911909189,43.0663579737787,0,44.0119080387891,150,1.76114284992218,42.6738186431944,70.6256374362167,59.4930290121424,0,45.5006760082565,154,October 2018,2016,2014
North Korea,PRK,2.29099988937378,43.790625795714,68.8545076242244,45.7560113402925,21.4970801121253,42.9407681239352,179,2.29099988937378,43.790625795714,69.9681979514778,29.9067783599888,21.4970801121253,40.4350248123361,181,2.29099988937378,43.790625795714,62.7201127745749,57.3496676750361,21.4970801121253,43.8355768076866,168,October 2018,2016,2014
Portugal,PRT,2.4779999256134,47.0231623152509,73.7261991875665,60.1551333716882,1.50058147070288,47.4842343101757,140,2.4779999256134,47.0231623152509,73.9323504017215,52.0227924501143,1.50058147070288,45.5893263664612,135,2.4779999256134,47.0231623152509,66.9964324597819,65.530371774363,1.50058147070288,46.9091070256775,139,October 2018,2016,2014
Paraguay,PRY,0,39.9622740967097,70.765255628426,71.9536413856007,0,48.542829055968,128,0,39.9622740967097,71.494387685635,62.0101969513785,0,45.9427803848944,131,0,39.9622740967097,63.8033571109372,77.5520852166326,0,48.3366892764786,123,October 2018,2016,2014
Qatar,QAT,9.04171466827393,40.521743865442,85.0346495098661,79.3155808275247,0,55.218868712266,74,9.04171466827393,40.521743865442,84.959241697986,69.5260399231022,0,52.489441428395,75,9.04171466827393,40.521743865442,79.2344113431565,84.9855178623509,0,55.1804213779986,66,October 2018,2016,2014
Romania,ROU,2.99742865562439,44.840497609901,76.5432591818569,43.8640155401969,0,44.2777081383864,170,2.99742865562439,44.840497609901,77.3024534673456,31.6092468775411,0,42.4133672435603,168,2.99742865562439,44.840497609901,69.9284745615596,50.9041396901348,0,43.5910031922839,172,October 2018,2016,2014
Russia,RUS,1.73599994182587,52.180806933666,79.0931350649864,52.0001788685939,3.8449504457876,48.3743249436125,130,1.73599994182587,52.180806933666,79.3083570608156,41.9574376591983,3.8449504457876,46.4561643414271,125,1.73599994182587,52.180806933666,72.8283523971064,39.6031878716973,3.8449504457876,43.8474978863223,167,October 2018,2016,2014
Rwanda,RWA,0,44.4843507460713,71.1117064300404,79.8323696369946,0,51.7859816833658,97,0,44.4843507460713,73.9601234196723,87.1753979103902,0,54.8607461093768,59,0,44.4843507460713,64.0846919090657,80.7534314469393,0,50.2131892809746,103,October 2018,2016,2014
Saudi Arabia,SAU,0.570142865180969,82.2563316437763,84.9836937478117,78.8287741974147,5.54358950101859e-05,63.5651366754915,18,0.570142865180969,82.2563316437763,85.0233786189322,69.3655884397431,5.54358950101859e-05,61.330235495636,17,0.570142865180969,82.2563316437763,79.1972167497448,83.0962533788388,5.54358950101859e-05,63.1563387553252,18,October 2018,2016,2014
Sudan,SDN,0,90.6796479172301,82.2764706221151,81.8365744166087,0,65.862646586164,5,0,90.6796479172301,82.309185630836,72.4087574605115,0,63.6248830923553,4,0,90.6796479172301,76.2843667001188,87.2370467796405,0,65.8063909967173,5,October 2018,2016,2014
Senegal,SEN,1.63914287090302,75.9086262804434,74.1647034096113,85.2593763962114,0.208459714565065,60.8841757501805,36,1.63914287090302,75.9086262804434,74.0756634159358,76.8212031865772,0.208459714565065,58.5722646960697,38,1.63914287090302,75.9086262804434,67.9017455383264,88.8606045693979,0.208459714565065,60.45114371156,38,October 2018,2016,2014
Singapore,SGP,26.4991436004639,40.1790908447766,54.2981506126551,73.642816730179,0,46.2344407743408,149,26.4991436004639,40.1790908447766,55.1989610030559,70.9770659542437,0,45.6097207620498,133,26.4991436004639,40.1790908447766,44.3184178652083,80.9412063744373,0,46.5449567710515,144,October 2018,2016,2014
Solomon Is.,SLB,23.1071434020996,35.3691559358366,72.0382670274893,82.6652294757463,39.0036181529534,55.3701211438836,72,23.1071434020996,35.3691559358366,72.0382670274893,82.6228133626641,39.0036181529534,55.357457855515,57,23.1071434020996,35.3691559358366,28.2192086095931,85.4697488219165,39.0036181529534,47.7652618438826,130,October 2018,2016,2014
Sierra Leone,SLE,1.33542859554291,44.9115273771618,56.1718699857192,82.4460276500101,0,48.9314931589914,123,1.33542859554291,44.9115273771618,54.1410772917045,76.0251604601302,0,46.3247448653054,126,1.33542859554291,44.9115273771618,45.6238307513227,86.8174814914961,0,48.2444560251952,125,October 2018,2016,2014
El Salvador,SLV,3.26600003242493,42.8922695130413,64.7464054296052,77.4529606834524,38.0017451344285,51.9338123155627,91,3.26600003242493,42.8922695130413,64.131460486444,66.8032479616178,38.0017451344285,48.7238429022157,101,3.26600003242493,42.8922695130413,55.8952878455526,82.7242178429462,38.0017451344285,51.501700155466,89,October 2018,2016,2014
San Marino,SMR,0,43.2028347094582,73.2294742415652,51.4700705356685,0,44.4481922817465,169,0,43.2028347094582,72.8137349437021,37.4483119442348,0,41.4021762492195,175,0,43.2028347094582,66.6934768886236,60.9095863440427,0,44.7760706070297,163,October 2018,2016,2014
Somalia,SOM,0.675571441650391,78.066500176431,81.8415466861888,83.9335140112665,0.0711394872596155,62.9884329788624,20,0.675571441650391,78.066500176431,81.4633144658404,76.5802669280359,0.0711394872596155,60.9846682272287,20,0.675571441650391,78.066500176431,75.763972139201,88.013737400904,0.0711394872596155,62.5802482465211,21,October 2018,2016,2014
Serbia,SRB,0,39.7789785309391,75.0682118450196,47.4502210108268,0,43.5181043625523,174,0,39.7789785309391,76.0635970984575,36.433151183276,0,41.7023079497162,174,0,39.7789785309391,68.2319936016519,55.3003359587922,0,43.1186716886689,176,October 2018,2016,2014
South Sudan,SSD,0,69.0586965421223,71.8285820000674,84.9143765441044,0,58.5472460566871,49,0,69.0586965421223,72.7536040419829,81.5201103818155,0,57.8060876826273,40,0,69.0586965421223,64.6613258575196,89.1603896127529,0,58.1373644150596,52,October 2018,2016,2014
Sao Tome & Principe,STP,0.992063462734222,38.8118645639747,61.9559244149728,75.2607808692653,0,46.9256150263623,143,0.992063462734222,38.8118645639747,61.5299548065961,64.6878882262005,0,43.5380368012008,154,0.992063462734222,38.8118645639747,53.6190062765256,80.5997423531054,0,46.6447453038721,141,October 2018,2016,2014
Suriname,SUR,1.1068571805954,36.596632285104,54.1222748622953,80.8784649018319,0,46.4996459095681,148,1.1068571805954,36.596632285104,53.1943157585459,71.5618511903726,0,43.1074759229586,160,1.1068571805954,36.596632285104,43.7796742688262,85.3127727225607,0,45.9030885586693,151,October 2018,2016,2014
Slovakia,SVK,0,41.6184224692588,74.8413821067384,52.3104983019067,0,44.8769735990971,168,0,41.6184224692588,75.6302795442791,41.0207169863541,0,42.7427923628068,164,0,41.6184224692588,67.9700840510037,53.7474357316963,0,42.9902599723775,177,October 2018,2016,2014
Slovenia,SVN,0.216428577899933,48.5255487669264,66.3992818618251,52.8235010134422,0,43.7126128606925,172,0.216428577899933,48.5255487669264,66.9631445724974,43.7921532067877,0,41.8487541940848,172,0.216428577899933,48.5255487669264,58.7099607125546,56.6885936248275,0,42.4622935284735,179,October 2018,2016,2014
Sweden,SWE,2.20371437072754,41.1161428566897,76.3730582888495,32.5138358192469,8.03904254319688,41.5933007046177,185,2.20371437072754,41.1161428566897,76.3176636783302,21.078734147856,8.03904254319688,40.0717321513446,185,2.20371437072754,41.1161428566897,69.9662830274419,15.1533447310953,8.03904254319688,37.1077468533629,191,October 2018,2016,2014
Swaziland,SWZ,0,54.0517447963178,74.1097027820239,69.3047660341246,16.0801584879902,51.9144705337728,92,0,54.0517447963178,74.0550925868187,56.5476642574901,16.0801584879902,48.7072021030674,102,0,54.0517447963178,67.460442065413,75.7508189622714,16.0801584879902,51.902332181976,87,October 2018,2016,2014
Seychelles,SYC,43.818000793457,38.8244085672192,64.5004367419454,82.1787801506653,30.4294727036884,55.2575116162633,73,43.818000793457,38.8244085672192,65.2776047357019,71.3966020168207,30.4294727036884,52.3678244015027,77,43.818000793457,38.8244085672192,55.243741049876,86.9352897551277,30.4294727036884,54.7045157791348,72,October 2018,2016,2014
Syria,SYR,0.0177142862230539,80.7173428561842,81.8064080208011,67.4543248153768,0,59.5947381588725,43,0.0177142862230539,80.7173428561842,81.942852536116,55.1999889513947,0,57.0560419474546,44,0.0177142862230539,80.7173428561842,75.7397504454618,70.5360536816209,0,58.6977587614315,47,October 2018,2016,2014
Chad,TCD,0,83.2437075682948,80.7860184120433,84.399278755327,0,64.1547096868284,13,0,83.2437075682948,81.1512586490919,77.5754349239721,0,62.5027835119221,6,0,83.2437075682948,74.6054994858435,89.687220741499,0,64.0925783029242,12,October 2018,2016,2014
Togo,TGO,0.314999997615814,39.2207504911543,68.040941416274,83.8929150743023,0,51.3925235857606,103,0.314999997615814,39.2207504911543,68.2624925851849,72.3462810143754,0,47.8165635834305,115,0.314999997615814,39.2207504911543,60.4334584978712,88.8829057662565,0,51.1678421228706,94,October 2018,2016,2014
Thailand,THA,1.21142852306366,36.4118221589629,64.3461888895568,82.3671738429144,1.16773173387882,49.5044145524096,117,1.21142852306366,36.4118221589629,65.5519715373909,76.3439024163457,1.16773173387882,47.8625205312051,113,1.21142852306366,36.4118221589629,56.4213143255778,87.6742130883069,1.16773173387882,49.3938949674638,113,October 2018,2016,2014
Tajikistan,TJK,0,64.8610233456184,78.5238045577209,33.9031410808989,0,48.0049230950563,135,0,64.8610233456184,78.7355573509916,21.3446843549428,0,46.6086599056962,123,0,64.8610233456184,72.0262663053049,51.6190045906461,0,49.1106037882914,115,October 2018,2016,2014
Turkmenistan,TKM,0,85.9604108407519,83.6975467901714,46.5959106108785,0,57.559795788833,56,0,85.9604108407519,83.829050122005,43.4185290032613,0,57.099335437596,43,0,85.9604108407519,77.8166606286094,60.0635700091825,0,58.3990707897771,49,October 2018,2016,2014
Timor-Leste,TLS,4.50500011444092,31.9896024622802,63.7492479618756,78.2714241069863,80.5312770395544,59.5303262560986,44,4.50500011444092,31.9896024622802,60.7590429508866,68.4640346514283,80.5312770395544,56.4054990482434,50,4.50500011444092,31.9896024622802,54.9289762631736,84.4805419578029,80.5312770395544,59.4694386658419,41,October 2018,2016,2014
Tonga,TON,59.2315711975098,40.7867869576603,59.8959300623521,79.4065961668619,66.7334762991402,62.4791610517689,24,59.2315711975098,40.7867869576603,57.7980453626365,70.5193743909625,66.7334762991402,59.8980702327834,26,59.2315711975098,40.7867869576603,50.1965713865458,83.9892800774736,66.7334762991402,61.9664309488937,25,October 2018,2016,2014
Trinidad & Tobago,TTO,10.7508573532104,36.9558768608025,63.0774062954485,81.8276629393562,37.0106356332874,52.0108268064214,90,10.7508573532104,36.9558768608025,64.1919998230294,74.5188258315746,37.0106356332874,50.0495218018238,86,10.7508573532104,36.9558768608025,54.4907570163702,85.841219896308,37.0106356332874,51.3596389236981,92,October 2018,2016,2014
Tunisia,TUN,3.61942863464355,86.4788941620001,81.8818138291888,66.7507917440239,0,61.0769989988632,34,3.61942863464355,86.4788941620001,81.8502991341569,54.6090879345134,0,58.6060122385307,37,3.61942863464355,86.4788941620001,75.8982312343118,73.276155770715,0,61.0272658869048,32,October 2018,2016,2014
Turkey,TUR,1.01242852210999,63.0665147776279,77.565667256537,58.4030032838148,0,51.7798297162713,98,1.01242852210999,63.0665147776279,78.1669081689641,46.6100152041145,0,49.5196311531744,92,1.01242852210999,63.0665147776279,71.0696031781311,58.9678777646557,0,50.0130171088958,105,October 2018,2016,2014
Tuvalu,TUV,100,33.2762336280143,43.358621053407,84.6175949759138,29.9921136136004,64.8797996338429,9,100,33.2762336280143,41.5650686388599,75.2806299704389,29.9921136136004,62.2923153899044,9,100,33.2762336280143,31.6495805579515,89.439337912357,29.9921136136004,64.8196354805738,7,October 2018,2016,2014
Tanzania,TZA,0.216285720467567,50.1268412733689,71.2682267548075,75.2232567164445,0,51.4790160965828,101,0.216285720467567,50.1268412733689,71.8549981029156,65.1393897740157,0,48.8242313775845,99,0.216285720467567,50.1268412733689,63.9646115657436,80.1091526132422,0,51.0327245220684,97,October 2018,2016,2014
Uganda,UGA,0,49.0165191468949,69.6199494771386,80.8255558931332,0,52.5020513883243,85,0,49.0165191468949,71.7095870234172,78.1125022762312,0,52.2426014516911,78,0,49.0165191468949,62.1802266885805,83.3407781193333,0,51.4095030862138,91,October 2018,2016,2014
Ukraine,UKR,1.63314282894135,54.0176188005042,77.6458611267263,39.11760107778,0,45.781299152749,154,1.63314282894135,54.0176188005042,77.9983886298008,32.4953994858556,0,44.8559247211939,139,1.63314282894135,54.0176188005042,71.2781353336562,40.0661572236439,0,43.8324989652405,169,October 2018,2016,2014
Uruguay,URY,1.43657147884369,25.1533864838562,68.744841307707,62.7498580016819,0,43.123437884457,178,1.43657147884369,25.1533864838562,68.9135065508631,51.8754271806205,0,40.1867836969514,182,1.43657147884369,25.1533864838562,61.2216871224669,70.378778655976,0,43.2111653359364,174,October 2018,2016,2014
United States,USA,45.44,49.8228033008163,75.4537778887948,59.6046734375976,49.7348563117771,57.0379714828625,61,45.44,49.8228033008163,75.4248073387005,48.3634013893222,49.7348563117771,54.8608811761709,58,45.44,49.8228033008163,68.9009430405824,63.5837072710914,49.7348563117771,56.2332446926591,63,October 2018,2016,2014
Uzbekistan,UZB,0,87.8907599212254,83.058258035004,40.6604935731598,0,57.0556494046869,60,0,87.8907599212254,83.5535758372341,37.5100610646114,0,56.7679317851017,46,0,87.8907599212254,77.0884918907063,62.3320740964507,0,59.2498248481451,42,October 2018,2016,2014
St. Vincent & the Grenadines,VCT,35.1528587341309,40.3078898872378,64.4486630861492,82.6797450774221,31.9494294855648,54.535833959803,75,35.1528587341309,40.3078898872378,65.4375550755276,73.6811708795295,31.9494294855648,52.1386690762963,79,35.1528587341309,40.3078898872378,56.4091509064545,87.0158469249132,31.9494294855648,54.1016920823067,76,October 2018,2016,2014
Venezuela,VEN,1.06142854690552,35.5548227365299,59.9618633426867,80.0391362035522,18.3623889789714,48.1749681040665,133,1.06142854690552,35.5548227365299,60.3330907900813,71.0551393236752,18.3623889789714,45.3681916059972,136,1.06142854690552,35.5548227365299,51.1344115375373,84.6573235370674,18.3623889789714,47.7159089846379,131,October 2018,2016,2014
Vietnam,VNM,10.4788570404053,30.4204364013344,62.5262219517227,77.4676454449379,32.043793228625,48.9341978631273,122,10.4788570404053,30.4204364013344,62.5934648425436,68.2727756334163,32.043793228625,46.132695160559,128,10.4788570404053,30.4204364013344,53.9843793202573,83.7143337988271,32.043793228625,48.9579758041008,118,October 2018,2016,2014
Vanuatu,VUT,19.1477146148682,48.010033298748,49.6688161586836,77.39792839841,81.0146928351694,59.4851399031164,45,19.1477146148682,48.010033298748,45.4278463242742,68.1227047969528,81.0146928351694,56.461262575346,48,19.1477146148682,48.010033298748,31.6792003031013,82.2906758285416,81.0146928351694,58.3271905506485,50,October 2018,2016,2014
Samoa,WSM,13.7925710678101,35.7190737739633,58.891535999028,84.8726428410696,65.6698691253833,57.3588658779582,58,13.7925710678101,35.7190737739633,53.9506418732668,79.0602441672694,65.6698691253833,54.6622592383468,62,13.7925710678101,35.7190737739633,42.3650850182998,88.231799597454,65.6698691253833,55.4225041795992,65,October 2018,2016,2014
Yemen,YEM,0.962571442127228,81.08110298103,83.2648728368877,76.6656291779766,0,62.2667319685234,25,0.962571442127228,81.08110298103,82.3232570868554,67.3317025460842,0,59.8092779249916,28,0.962571442127228,81.08110298103,77.2570817201939,81.5415145272226,0,61.9560280710692,26,October 2018,2016,2014
South Africa,ZAF,0.224428564310074,75.8506300142592,78.8748802904205,68.7709832394967,5.73939466054978,57.8567264358525,55,0.224428564310074,75.8506300142592,78.882395402595,60.1800757493449,5.73939466054978,55.9113278584194,55,0.224428564310074,75.8506300142592,72.5874042309647,73.5758149967429,5.73939466054978,57.391011314028,58,October 2018,2016,2014
Zambia,ZMB,0,49.6540225875516,71.2696319270872,76.5814869276538,0,51.7872697372587,96,0,49.6540225875516,71.0429301526331,70.6510127420654,0,50.0083702699388,87,0,49.6540225875516,64.4553502205891,79.7478363080085,0,50.9504298843352,98,October 2018,2016,2014
Zimbabwe,ZWE,0,76.8995139646889,75.8665092834329,71.6928934273168,0.238845840725259,57.9813599257121,53,0,76.8995139646889,76.0711201423881,60.8526538773982,0.238845840725259,55.5039694057661,56,0,76.8995139646889,69.3233215125233,76.3700018561641,0.238845840725259,57.5355409888187,57,October 2018,2016,2014
