iso3,recipient_code,recipient_name,de_recipientcode
AFG,625,Afghanistan,AFG
AGO,225,Angola,AGO
ALB,71,Albania,ALB
ARG,425,Argentina,ARG
ARM,610,Armenia,ARM
AZE,611,Azerbaijan,AZE
BDI,228,Burundi,BDI
BEN,236,Benin,BEN
BFA,287,Burkina Faso,BFA
BGD,666,Bangladesh,BGD
BIH,64,Bosnia and Herzegovina,BIH
BLR,86,Belarus,BLR
BOL,428,Bolivia,BOL
BRA,431,Brazil,BRA
BTN,630,Bhutan,BTN
CHL,434,Chile,CHL
CHN,730,China (People's Republic of),CHN
CIV,247,Côte d'Ivoire,CIV
CMR,229,Cameroon,CMR
COD,235,Democratic Republic of the Congo,COD
COL,437,Colombia,COL
CPV,230,Cabo Verde,CPV
CRI,336,Costa Rica,CRI
CUB,338,Cuba,CUB
DZA,130,Algeria,DZA
ECU,440,Ecuador,ECU
EGY,142,Egypt,EGY
ETH,238,Ethiopia,ETH
GEO,612,Georgia,GEO
GHA,241,Ghana,GHA
GMB,240,Gambia,GMB
GTM,347,Guatemala,GTM
HTI,349,Haiti,HTI
IDN,738,Indonesia,IDN
IND,645,India,IND
IRN,540,Iran,IRN
IRQ,543,Iraq,IRQ
JAM,354,Jamaica,JAM
JOR,549,Jordan,JOR
KAZ,613,Kazakhstan,KAZ
KEN,248,Kenya,KEN
KHM,728,Cambodia,KHM
LAO,745,Lao People's Democratic Republic,LAO
LBN,555,Lebanon,LBN
LBY,133,Libya,LBY
LKA,640,Sri Lanka,LKA
LSO,249,Lesotho,LSO
MAR,136,Morocco,MAR
MDA,93,Moldova,MDA
MDG,252,Madagascar,MDG
MDV,655,Maldives,MDV
MEX,358,Mexico,MEX
MKD,66,North Macedonia,MKD
MLI,255,Mali,MLI
MMR,635,Myanmar,MMR
MNE,65,Montenegro,MNE
MNG,753,Mongolia,MNG
MOZ,259,Mozambique,MOZ
MWI,253,Malawi,MWI
MYS,751,Malaysia,MYS
NAM,275,Namibia,NAM
NER,260,Niger,NER
NGA,261,Nigeria,NGA
NIC,364,Nicaragua,NIC
NPL,660,Nepal,NPL
PAK,665,Pakistan,PAK
PER,454,Peru,PER
PHL,755,Philippines,PHL
PNG,862,Papua New Guinea,PNG
PRY,451,Paraguay,PRY
PSE,550,West Bank and Gaza Strip,PSE
RWA,266,Rwanda,RWA
SDN,278,Sudan,SDN
SEN,269,Senegal,SEN
SLE,272,Sierra Leone,SLE
SLV,342,El Salvador,SLV
SRB,63,Serbia,SRB
SSD,279,South Sudan,SSD
SWZ,280,Eswatini,SWZ
SYR,573,Syrian Arab Republic,SYR
TCD,232,Chad,TCD
TGO,283,Togo,TGO
THA,764,Thailand,THA
TJK,615,Tajikistan,TJK
TLS,765,Timor-Leste,TLS
TUN,139,Tunisia,TUN
TUR,55,Türkiye,TUR
TZA,282,Tanzania,TZA
UGA,285,Uganda,UGA
UKR,85,Ukraine,UKR
UZB,617,Uzbekistan,UZB
VCT,384,Saint Vincent and the Grenadines,VCT
VNM,769,Viet Nam,VNM
VUT,854,Vanuatu,VUT
XKX,57,Kosovo,XKV
YEM,580,Yemen,YEM
ZAF,218,South Africa,ZAF
ZMB,288,Zambia,ZMB
ZWE,265,Zimbabwe,ZWE
CAF,231,Central African Republic,CAF
COG,234,Congo,COG
GIN,243,Guinea,GIN
HND,351,Honduras,HND
LBR,251,Liberia,LBR
MRT,256,Mauritania,MRT
PRK,740,Democratic People's Republic of Korea,PRK
SOM,273,Somalia,SOM
SUR,457,Suriname,SUR
VEN,463,Venezuela,VEN
BWA,227,Botswana,BWA
COM,233,Comoros,COM
DJI,274,Djibouti,DJI
DMA,378,Dominica,DMA
DOM,340,Dominican Republic,DOM
ERI,271,Eritrea,ERI
FJI,832,Fiji,FJI
GAB,239,Gabon,GAB
GNB,244,Guinea-Bissau,GNB
GNQ,245,Equatorial Guinea,GNQ
GRD,381,Grenada,GRD
GUY,446,Guyana,GUY
KGZ,614,Kyrgyzstan,KGZ
LCA,383,Saint Lucia,LCA
MUS,257,Mauritius,MUS
PAN,366,Panama,PAN
STP,268,Sao Tome and Principe,STP
SYC,270,Seychelles,SYC
URY,460,Uruguay,URY
WLF,876,Wallis and Futuna,WLF
WSM,880,Samoa,WSM
ATG,377,Antigua and Barbuda,ATG
KIR,836,Kiribati,KIR
MHL,859,Marshall Islands,MHL
PLW,861,Palau,PLW
SLB,866,Solomon Islands,SLB
TKM,616,Turkmenistan,TKM
TON,870,Tonga,TON
BLZ,352,Belize,BLZ
FSM,860,Micronesia,FSM
TUV,872,Tuvalu,TUV
NRU,845,Nauru,NRU
MSR,385,Montserrat,MSR
SHN,276,Saint Helena,SHN
COK,831,Cook Islands,COK
NIU,856,Niue,NIU
TKL,868,Tokelau,TKL
