provider,donor_name,year,n_activities,n_both_valid,eligible_commitment,classified_commitment,n_observed_cells,n_complete_cells,row_coverage,amount_coverage
1,Austria,2010,136,136,55.881409,55.881409,99,99,1.0,1.0
1,Austria,2011,74,74,35.029513,35.029513,64,64,1.0,1.0
1,Austria,2012,130,0,40.411304,0.0,96,0,0.0,0.0
1,Austria,2013,112,6,78.134004,8.989458,88,5,0.05357142857142857,0.1150518025416949
1,Austria,2014,102,102,38.621213,38.621213,83,83,1.0,1.0
1,Austria,2015,87,87,30.680236999999998,30.680236999999998,74,74,1.0,1.0
1,Austria,2016,147,141,56.287301,55.086927,115,109,0.9591836734693877,0.9786741595586543
1,Austria,2017,110,110,47.420565,47.420565,95,95,1.0,1.0
1,Austria,2018,187,185,48.583524,48.046689,131,129,0.9893048128342246,0.9889502663495551
1,Austria,2019,153,151,59.695706,59.536976,124,122,0.9869281045751634,0.997341014779187
1,Austria,2020,168,167,94.64446699999999,94.515513,107,106,0.9940476190476191,0.9986374903458435
1,Austria,2021,168,167,95.660467,95.597126,102,101,0.9940476190476191,0.9993378560445456
1,Austria,2022,147,146,69.072719,69.01241,118,117,0.9931972789115646,0.9991268767051141
1,Austria,2023,472,469,95.456033,95.174633,278,275,0.9936440677966102,0.9970520459403545
1,Austria,2024,490,490,72.993514,72.993514,245,245,1.0,1.0
2,Belgium,2010,48,48,318.861951,318.861951,44,44,1.0,1.0
2,Belgium,2011,87,87,450.715762,450.715762,66,66,1.0,1.0
2,Belgium,2012,22,22,100.161958,100.161958,21,21,1.0,1.0
2,Belgium,2013,55,55,312.454809,312.454809,36,36,1.0,1.0
2,Belgium,2014,78,73,384.84031799999997,360.184498,60,55,0.9358974358974359,0.9359323364866361
2,Belgium,2015,427,410,403.143294,401.90452799999997,257,243,0.9601873536299765,0.9969272315366852
2,Belgium,2016,50,50,223.950159,223.950159,37,37,1.0,1.0
2,Belgium,2017,41,41,175.255645,175.255645,31,31,1.0,1.0
2,Belgium,2018,45,19,57.075871,52.558011,29,10,0.4222222222222222,0.9208446595585024
2,Belgium,2019,52,40,435.160148,394.176608,38,28,0.7692307692307693,0.9058196386126792
2,Belgium,2020,51,42,220.874431,187.250647,36,27,0.8235294117647058,0.8477696859352634
2,Belgium,2021,69,40,250.254931,94.155167,45,27,0.5797101449275363,0.37623701009112187
2,Belgium,2022,56,6,34.749377,4.071351,45,3,0.10714285714285714,0.11716328036614872
2,Belgium,2023,8,2,28.85814,26.445176,8,2,0.25,0.9163853249031296
2,Belgium,2024,4,0,3.028336,0.0,4,0,0.0,0.0
3,Denmark,2010,509,287,851.275143,697.802636,208,81,0.5638506876227898,0.819714567890302
3,Denmark,2011,427,265,654.021687,525.921838,186,72,0.6206088992974239,0.8041351662395255
3,Denmark,2012,422,241,749.752571,657.263699,183,74,0.5710900473933649,0.8766408071443612
3,Denmark,2013,318,184,888.012826,759.912715,141,50,0.5786163522012578,0.8557452018153621
3,Denmark,2014,318,206,772.41277,683.338274,151,72,0.6477987421383647,0.8846801872527301
3,Denmark,2015,244,178,545.28644,539.881008,128,74,0.7295081967213115,0.9900869862085695
3,Denmark,2016,179,117,307.702023,296.573647,106,52,0.6536312849162011,0.9638339199349365
3,Denmark,2017,192,126,382.487793,366.68136,99,54,0.65625,0.958674673311731
3,Denmark,2018,170,107,238.257556,234.49998300000001,105,56,0.6294117647058823,0.984228945083278
3,Denmark,2019,173,99,379.259206,337.22793,88,42,0.5722543352601156,0.8891753309213014
3,Denmark,2020,173,151,333.224775,312.46072499999997,95,80,0.8728323699421965,0.9376875563949287
3,Denmark,2021,148,141,329.286242,313.3623,87,83,0.9527027027027027,0.9516410345501164
3,Denmark,2022,105,92,141.76525,135.793844,57,50,0.8761904761904762,0.9578782106334239
3,Denmark,2023,141,98,202.206922,142.916733,86,48,0.6950354609929078,0.7067845728842062
3,Denmark,2024,230,221,308.755908,306.250857,135,127,0.9608695652173913,0.9918866297450737
4,France,2010,294,232,3357.982311,3068.0027250000003,212,155,0.7891156462585034,0.9136446951938694
4,France,2011,266,266,2876.290211,2876.290211,186,186,1.0,1.0
4,France,2012,287,36,5833.404056,3855.3228679999997,194,26,0.1254355400696864,0.6609044789267722
4,France,2013,326,39,3765.0968159999998,1764.585505,214,21,0.1196319018404908,0.46866935731938963
4,France,2014,238,209,4612.882735,4594.912474,179,153,0.8781512605042017,0.9961043317091822
4,France,2015,294,240,5675.177598,5660.689536,213,168,0.8163265306122449,0.9974471174249937
4,France,2016,298,235,4523.683767,4511.621882,207,153,0.7885906040268457,0.9973336144564324
4,France,2017,287,287,5963.760343,5963.760343,203,203,1.0,1.0
4,France,2018,294,294,4402.61131,4402.61131,215,215,1.0,1.0
4,France,2019,2934,2312,8164.24605,8146.627856,639,319,0.7880027266530334,0.9978420304958839
4,France,2020,1892,1650,9502.86975,9483.718334,623,574,0.872093023255814,0.9979846702623699
4,France,2021,1733,1250,8022.6133389999995,7920.151647,616,335,0.7212925562608193,0.9872283895944596
4,France,2022,4459,430,9790.059397,3458.634648,958,66,0.09643417806683113,0.35328025170713884
4,France,2023,2468,1204,6427.691381,6285.769692,663,355,0.4878444084278768,0.9779202701891515
4,France,2024,2319,2317,5777.46468,5777.024489,624,622,0.9991375592927986,0.9999238089673619
5,Germany,2010,1494,682,5410.744166,4009.596997,622,222,0.4564926372155288,0.7410435374482276
5,Germany,2011,1715,1419,5226.71196,4856.71042,696,530,0.8274052478134111,0.9292095024880614
5,Germany,2012,1818,1484,6497.999682,6252.222788,718,548,0.8162816281628162,0.9621765303127326
5,Germany,2013,1648,1591,7152.488096,7114.278246,705,659,0.9654126213592233,0.9946578240344967
5,Germany,2014,1777,1712,9238.830921,9193.872415,739,682,0.9634214969048959,0.9951337451259326
5,Germany,2015,754,752,7203.049819,7188.887038,425,423,0.9973474801061007,0.9980337799465663
5,Germany,2016,760,757,7727.22101,7726.490305,414,411,0.9960526315789474,0.9999054375435807
5,Germany,2017,836,828,7414.536193,7413.545377,454,446,0.9904306220095693,0.999866368445145
5,Germany,2018,880,872,8424.012963,8423.824667,480,473,0.990909090909091,0.9999776477077106
5,Germany,2019,1177,1172,8408.296212,8408.263412,597,592,0.9957519116397621,0.999996099090806
5,Germany,2020,1171,1156,8234.250762,8228.726565,603,591,0.9871904355251921,0.9993291196540319
5,Germany,2021,2492,2486,7921.223072,7916.140767,899,894,0.9975922953451043,0.9993583939053597
5,Germany,2022,2165,2160,9835.551027,9835.422199,830,826,0.9976905311778291,0.9999869018014704
5,Germany,2023,1946,1937,7476.065086,7445.391371,847,839,0.9953751284686536,0.9958970775873205
5,Germany,2024,1413,1264,6364.104162,6137.64947,643,537,0.894550601556971,0.9644168784426631
6,Italy,2010,1701,1013,438.161023,218.720582,650,310,0.5955320399764844,0.49917854514412163
6,Italy,2011,1662,1622,363.160226,360.09128,694,658,0.9759326113116726,0.9915493333788155
6,Italy,2012,1448,681,366.923084,229.52183,646,242,0.4703038674033149,0.625531180807365
6,Italy,2013,1113,772,192.775677,143.949502,541,308,0.6936208445642408,0.7467202514350396
6,Italy,2014,1096,687,219.67905199999998,145.597202,538,272,0.6268248175182481,0.6627723520948189
6,Italy,2015,1225,1225,377.232821,377.232821,508,508,1.0,1.0
6,Italy,2016,676,676,208.096879,208.096879,355,355,1.0,1.0
6,Italy,2017,657,570,536.795026,479.613267,347,284,0.867579908675799,0.8934756168921729
6,Italy,2018,1037,706,313.243445,289.521513,467,299,0.6808100289296046,0.9242699811324065
6,Italy,2019,1180,995,548.27367,531.565081,469,379,0.8432203389830508,0.969525093189319
6,Italy,2020,1185,1039,371.82793499999997,317.128252,445,344,0.8767932489451477,0.8528897969970975
6,Italy,2021,1134,974,294.910438,230.251675,434,332,0.8589065255731922,0.7807511886032329
6,Italy,2022,1555,1136,792.765599,721.923138,542,346,0.7305466237942122,0.910638830583263
6,Italy,2023,1093,919,374.837694,318.894284,444,323,0.8408051235132662,0.8507529768337547
6,Italy,2024,1628,1284,634.283563,515.006639,555,377,0.7886977886977887,0.8119501576931136
7,Netherlands,2010,826,826,527.483852,527.483852,298,298,1.0,1.0
7,Netherlands,2011,346,346,362.12008000000003,362.12008000000003,194,194,1.0,1.0
7,Netherlands,2012,653,653,1131.218501,1131.218501,246,246,1.0,1.0
7,Netherlands,2013,314,314,654.025263,654.025263,155,155,1.0,1.0
7,Netherlands,2014,307,307,409.28844300000003,409.28844300000003,135,135,1.0,1.0
7,Netherlands,2015,355,355,442.21367300000003,442.21367300000003,129,129,1.0,1.0
7,Netherlands,2016,440,440,1017.378286,1017.378286,174,174,1.0,1.0
7,Netherlands,2017,394,394,596.942717,596.942717,162,162,1.0,1.0
7,Netherlands,2018,465,465,632.411064,632.411064,167,167,1.0,1.0
7,Netherlands,2019,622,622,814.0559920000001,814.0559920000001,180,180,1.0,1.0
7,Netherlands,2020,348,348,712.266577,712.266577,152,152,1.0,1.0
7,Netherlands,2021,488,488,565.09988,565.09988,171,171,1.0,1.0
7,Netherlands,2022,483,483,769.334311,769.334311,164,164,1.0,1.0
7,Netherlands,2023,297,297,878.161633,878.161633,135,135,1.0,1.0
7,Netherlands,2024,341,341,507.348065,507.348065,141,141,1.0,1.0
8,Norway,2010,1029,1029,676.0184399999999,676.0184399999999,413,413,1.0,1.0
8,Norway,2011,1009,1009,505.715112,505.715112,368,368,1.0,1.0
8,Norway,2012,1236,1236,611.140393,611.140393,403,403,1.0,1.0
8,Norway,2013,1123,1123,679.568253,679.568253,415,415,1.0,1.0
8,Norway,2014,1051,1051,620.824712,620.824712,400,400,1.0,1.0
8,Norway,2015,746,746,513.088146,513.088146,334,334,1.0,1.0
8,Norway,2016,522,522,543.994264,543.994264,243,243,1.0,1.0
8,Norway,2017,514,514,600.3634920000001,600.3634920000001,256,256,1.0,1.0
8,Norway,2018,579,579,657.686569,657.686569,278,278,1.0,1.0
8,Norway,2019,524,524,621.016608,621.016608,238,238,1.0,1.0
8,Norway,2020,622,622,641.899343,641.899343,275,275,1.0,1.0
8,Norway,2021,506,506,602.458886,602.458886,233,233,1.0,1.0
8,Norway,2022,529,529,397.55465,397.55465,253,253,1.0,1.0
8,Norway,2023,473,473,555.67618,555.67618,238,238,1.0,1.0
8,Norway,2024,378,378,463.861914,463.861914,195,195,1.0,1.0
9,Portugal,2010,1,1,56.007507,56.007507,1,1,1.0,1.0
9,Portugal,2011,45,43,36.846407,36.411260999999996,36,34,0.9555555555555556,0.9881902732062857
9,Portugal,2012,138,138,61.554328999999996,61.554328999999996,104,104,1.0,1.0
9,Portugal,2013,208,208,106.452735,106.452735,140,140,1.0,1.0
9,Portugal,2014,252,252,135.169578,135.169578,159,159,1.0,1.0
9,Portugal,2015,240,240,85.61637,85.61637,159,159,1.0,1.0
9,Portugal,2016,339,339,75.398533,75.398533,190,190,1.0,1.0
9,Portugal,2017,350,350,78.898024,78.898024,180,180,1.0,1.0
9,Portugal,2018,401,401,76.833245,76.833245,199,199,1.0,1.0
9,Portugal,2019,423,423,73.22923,73.22923,210,210,1.0,1.0
9,Portugal,2020,339,339,65.939729,65.939729,183,183,1.0,1.0
9,Portugal,2021,389,389,86.635748,86.635748,191,191,1.0,1.0
9,Portugal,2022,427,427,76.677793,76.677793,210,210,1.0,1.0
9,Portugal,2023,422,422,82.419392,82.419392,216,216,1.0,1.0
9,Portugal,2024,436,436,70.30015,70.30015,209,209,1.0,1.0
10,Sweden,2010,295,288,413.811422,412.956979,162,155,0.976271186440678,0.9979351874922389
10,Sweden,2011,663,662,486.066402,485.86735,368,367,0.9984917043740573,0.9995904839355673
10,Sweden,2012,391,373,434.401381,413.632515,186,170,0.9539641943734015,0.9521896869844435
10,Sweden,2013,344,343,429.191849,428.558724,168,167,0.997093023255814,0.9985248438397067
10,Sweden,2014,284,277,416.681859,406.025179,136,131,0.9753521126760564,0.9744249005090476
10,Sweden,2015,280,275,409.542769,398.502837,126,123,0.9821428571428571,0.9730432745108484
10,Sweden,2016,774,774,478.009076,478.009076,230,230,1.0,1.0
10,Sweden,2017,560,551,627.274254,624.346086,216,211,0.9839285714285714,0.9953319174486635
10,Sweden,2018,568,566,675.740984,675.7074670000001,207,205,0.9964788732394366,0.9999503996341889
10,Sweden,2019,566,566,546.778784,546.778784,167,167,1.0,1.0
10,Sweden,2020,407,399,328.671989,327.666956,153,145,0.9803439803439803,0.9969421397817994
10,Sweden,2021,530,485,541.48923,518.260366,199,169,0.9150943396226415,0.9571018910200669
10,Sweden,2022,587,566,667.133612,649.247941,284,266,0.9642248722316865,0.973190271516405
10,Sweden,2023,604,475,438.042343,418.492567,312,229,0.7864238410596026,0.95537012274633
10,Sweden,2024,472,468,600.114052,593.301225,239,237,0.9915254237288136,0.988647446302424
11,Switzerland,2010,716,716,663.102558,663.102558,320,320,1.0,1.0
11,Switzerland,2011,816,816,843.159668,843.159668,380,380,1.0,1.0
11,Switzerland,2012,903,903,788.898802,788.898802,391,391,1.0,1.0
11,Switzerland,2013,1041,1041,1384.230469,1384.230469,410,410,1.0,1.0
11,Switzerland,2014,1079,1079,1362.110751,1362.110751,435,435,1.0,1.0
11,Switzerland,2015,981,981,1068.53915,1068.53915,382,382,1.0,1.0
11,Switzerland,2016,917,917,693.308636,693.308636,361,361,1.0,1.0
11,Switzerland,2017,2760,1510,882.227156,846.911279,819,245,0.5471014492753623,0.9599696328096253
11,Switzerland,2018,3051,3051,881.636962,881.636962,804,804,1.0,1.0
11,Switzerland,2019,3194,3194,927.035674,927.035674,825,825,1.0,1.0
11,Switzerland,2020,3773,3773,853.579877,853.579877,823,823,1.0,1.0
11,Switzerland,2021,3545,3545,914.161614,914.161614,804,804,1.0,1.0
11,Switzerland,2022,4888,4888,1152.818991,1152.818991,845,845,1.0,1.0
11,Switzerland,2023,3475,3475,901.760443,901.760443,803,803,1.0,1.0
11,Switzerland,2024,3189,3189,1023.536492,1023.536492,781,781,1.0,1.0
12,United Kingdom,2010,1919,1919,1002.957418,1002.957418,624,624,1.0,1.0
12,United Kingdom,2011,2255,2255,1020.96494,1020.96494,659,659,1.0,1.0
12,United Kingdom,2012,3880,3467,1278.702606,548.584752,813,622,0.8935567010309279,0.4290166841186526
12,United Kingdom,2013,3797,3797,2045.578526,2045.578526,807,807,1.0,1.0
12,United Kingdom,2014,3580,3580,1425.331658,1425.331658,730,730,1.0,1.0
12,United Kingdom,2015,3078,2695,2084.821611,1010.055224,760,562,0.8755685510071475,0.4844804076620827
12,United Kingdom,2016,2603,2549,2865.918581,2864.235157,702,677,0.9792547061083365,0.9994126057833044
12,United Kingdom,2017,2087,2087,1718.493122,1718.493122,664,664,1.0,1.0
12,United Kingdom,2018,1733,1521,1396.364359,1153.729833,500,337,0.877668782458165,0.82623838510619
12,United Kingdom,2019,2198,1967,2045.615136,1790.537315,668,497,0.8949044585987261,0.8753050774258644
12,United Kingdom,2020,1527,1185,1162.846086,982.027614,537,359,0.7760314341846758,0.8445035209930611
12,United Kingdom,2021,1523,1504,744.27207,737.066048,457,448,0.9875246224556796,0.9903180271160787
12,United Kingdom,2022,1238,1195,801.494144,714.448955,443,411,0.9652665589660743,0.8913963506138854
12,United Kingdom,2023,1761,1681,862.520857,710.257245,595,522,0.9545712663259511,0.823466747772802
12,United Kingdom,2024,2037,1806,1025.877343,875.192855,590,421,0.8865979381443299,0.8531164675502536
18,Finland,2010,831,831,327.182551,327.182551,428,428,1.0,1.0
18,Finland,2011,858,858,307.404491,307.404491,430,430,1.0,1.0
18,Finland,2012,547,547,171.839894,171.839894,323,323,1.0,1.0
18,Finland,2013,587,587,167.826779,167.826779,332,332,1.0,1.0
18,Finland,2014,518,518,185.868588,185.868588,295,295,1.0,1.0
18,Finland,2015,776,362,122.959755,89.861694,258,117,0.46649484536082475,0.7308219994420125
18,Finland,2016,374,370,111.62948,111.29665899999999,224,220,0.9893048128342246,0.9970185205556811
18,Finland,2017,216,214,82.574611,82.481689,144,142,0.9907407407407407,0.9988746904299676
18,Finland,2018,936,935,184.50538,184.442109,423,422,0.9989316239316239,0.999657077750253
18,Finland,2019,273,272,61.342138,61.279791,180,179,0.9963369963369964,0.9989836187320371
18,Finland,2020,426,426,64.937045,64.937045,228,228,1.0,1.0
18,Finland,2021,275,275,42.669706000000005,42.669706000000005,144,144,1.0,1.0
18,Finland,2022,356,356,95.768126,95.768126,213,213,1.0,1.0
18,Finland,2023,282,280,57.572662,57.311219,138,136,0.9929078014184397,0.9954589037415015
18,Finland,2024,293,292,79.477481,79.261171,162,161,0.9965870307167235,0.9972783485676906
20,Iceland,2011,13,0,10.735951,0.0,13,0,0.0,0.0
20,Iceland,2012,23,23,12.636092999999999,12.636092999999999,19,19,1.0,1.0
20,Iceland,2013,25,25,17.413139,17.413139,20,20,1.0,1.0
20,Iceland,2014,21,21,13.229402,13.229402,18,18,1.0,1.0
20,Iceland,2015,22,14,12.266907,11.746364,18,10,0.6363636363636364,0.9575652607458425
20,Iceland,2016,17,10,12.724748,11.932374000000001,13,6,0.5882352941176471,0.9377296902068317
20,Iceland,2017,11,11,10.252604,10.252604,9,9,1.0,1.0
20,Iceland,2018,21,21,2.292817,2.292817,17,17,1.0,1.0
20,Iceland,2019,54,54,15.104212,15.104212,34,34,1.0,1.0
20,Iceland,2020,56,56,4.216538,4.216538,36,36,1.0,1.0
20,Iceland,2021,75,75,4.406368,4.406368,48,48,1.0,1.0
20,Iceland,2022,33,33,2.3023569999999998,2.3023569999999998,24,24,1.0,1.0
20,Iceland,2023,60,60,7.22659,7.22659,45,45,1.0,1.0
20,Iceland,2024,46,46,12.198355000000001,12.198355000000001,33,33,1.0,1.0
22,Luxembourg,2015,663,621,175.883896,170.525317,276,239,0.9366515837104072,0.9695334301669097
40,Greece,2011,7,7,18.461817,18.461817,5,5,1.0,1.0
40,Greece,2012,3,3,0.087745,0.087745,3,3,1.0,1.0
40,Greece,2013,3,0,0.036001,0.0,1,0,0.0,0.0
40,Greece,2024,2,2,0.084459,0.084459,1,1,1.0,1.0
45,Malta,2022,4,0,0.076604,0.0,3,0,0.0,0.0
50,Spain,2010,5787,5787,1727.143684,1727.143684,978,978,1.0,1.0
50,Spain,2011,4758,1920,738.552767,611.845821,837,166,0.403530895334174,0.8284388717211318
50,Spain,2012,2867,2867,522.417957,522.417957,644,644,1.0,1.0
50,Spain,2013,2032,1923,272.778101,243.18604,551,483,0.9463582677165354,0.8915159945335934
50,Spain,2014,2593,2593,418.06802700000003,418.06802700000003,599,599,1.0,1.0
50,Spain,2015,1691,1682,200.091476,198.457993,499,492,0.9946777054997044,0.9918363189044594
50,Spain,2016,2441,2441,219.160825,219.160825,596,596,1.0,1.0
50,Spain,2017,2004,2004,318.494586,318.494586,532,532,1.0,1.0
50,Spain,2018,2785,2784,505.009992,504.977437,618,617,0.999640933572711,0.9999355359289603
50,Spain,2019,2325,2325,345.60032,345.60032,596,596,1.0,1.0
50,Spain,2020,2758,2758,351.054808,351.054808,645,645,1.0,1.0
50,Spain,2021,3035,3034,367.027364,367.008941,695,694,0.999670510708402,0.9999498048325356
50,Spain,2022,3376,3376,620.190872,620.190872,730,730,1.0,1.0
50,Spain,2023,3322,3322,463.778026,463.778026,700,700,1.0,1.0
50,Spain,2024,3354,3351,462.734181,462.723663,716,713,0.9991055456171736,0.9999772698874821
55,Türkiye,2022,1089,0,218.465205,0.0,340,0,0.0,0.0
61,Slovenia,2010,75,75,7.854444,7.854444,59,59,1.0,1.0
61,Slovenia,2011,86,86,7.177506,7.177506,61,61,1.0,1.0
61,Slovenia,2012,62,62,7.340764,7.340764,48,48,1.0,1.0
61,Slovenia,2013,43,43,6.46719,6.46719,32,32,1.0,1.0
61,Slovenia,2014,26,26,4.71918,4.71918,22,22,1.0,1.0
61,Slovenia,2015,14,10,1.791154,1.000415,12,9,0.7142857142857143,0.5585309805857007
61,Slovenia,2016,21,12,4.814338,1.449665,15,9,0.5714285714285714,0.30111408879060836
61,Slovenia,2017,29,23,5.023066,3.095287,27,23,0.7931034482758621,0.6162146784453957
61,Slovenia,2018,22,19,11.017519,9.676682,18,15,0.8636363636363636,0.8782995518319505
61,Slovenia,2019,19,17,4.627052,4.617333,19,17,0.8947368421052632,0.9978995265235836
61,Slovenia,2020,20,13,3.69695,2.719142,18,11,0.65,0.7355095416491974
61,Slovenia,2021,52,30,17.112325,14.553994,40,22,0.5769230769230769,0.8504977552728809
61,Slovenia,2022,31,25,9.957319,9.326122999999999,26,22,0.8064516129032258,0.9366098444772131
61,Slovenia,2023,51,46,14.179074,12.962438,38,33,0.9019607843137255,0.9141949608274843
61,Slovenia,2024,39,38,5.997422,5.796254,31,30,0.9743589743589743,0.9664575879436198
62,Croatia,2017,135,0,13.336162,0.0,20,0,0.0,0.0
62,Croatia,2020,54,0,4.94876,0.0,18,0,0.0,0.0
62,Croatia,2021,131,0,5.133961,0.0,25,0,0.0,0.0
62,Croatia,2022,4,0,5.046907,0.0,4,0,0.0,0.0
68,Czechia,2011,346,16,36.40395,0.841966,177,11,0.046242774566473986,0.023128424250665105
68,Czechia,2012,400,123,36.809195,23.711188,173,42,0.3075,0.6441648071901599
68,Czechia,2013,317,317,27.810968,27.810968,153,153,1.0,1.0
68,Czechia,2014,344,344,30.64952,30.64952,160,160,1.0,1.0
68,Czechia,2015,294,224,34.111097,29.130408,152,123,0.7619047619047619,0.853986255557832
68,Czechia,2016,327,237,29.934316,24.278638,152,111,0.7247706422018348,0.8110637303354452
68,Czechia,2017,540,419,39.729511,28.560729,224,177,0.7759259259259259,0.7188794495859765
68,Czechia,2018,445,445,33.006871,33.006871,192,192,1.0,1.0
68,Czechia,2019,399,399,33.662653,33.662653,180,180,1.0,1.0
68,Czechia,2020,344,343,40.547445,40.34367,163,162,0.997093023255814,0.9949744059089296
68,Czechia,2021,332,332,40.199853,40.199853,178,178,1.0,1.0
68,Czechia,2022,275,275,36.619878,36.619878,138,138,1.0,1.0
68,Czechia,2023,353,353,38.741334,38.741334,161,161,1.0,1.0
68,Czechia,2024,377,375,40.636292,40.576435000000004,169,167,0.9946949602122016,0.9985270063518592
69,Slovak Republic,2013,86,86,4.627536,4.627536,46,46,1.0,1.0
69,Slovak Republic,2014,85,85,4.385046,4.385046,47,47,1.0,1.0
69,Slovak Republic,2015,90,90,5.23441,5.23441,44,44,1.0,1.0
69,Slovak Republic,2016,65,64,5.491032,5.46177,40,39,0.9846153846153847,0.9946709471006543
69,Slovak Republic,2017,98,98,5.778111,5.778111,49,49,1.0,1.0
69,Slovak Republic,2018,89,89,6.6761539999999995,6.6761539999999995,52,52,1.0,1.0
69,Slovak Republic,2019,105,105,5.507241,5.507241,64,64,1.0,1.0
69,Slovak Republic,2020,141,141,7.295607,7.295607,67,67,1.0,1.0
69,Slovak Republic,2021,155,155,21.094459999999998,21.094459999999998,82,82,1.0,1.0
69,Slovak Republic,2022,134,134,18.247021,18.247021,79,79,1.0,1.0
69,Slovak Republic,2023,139,139,19.840766000000002,19.840766000000002,79,79,1.0,1.0
69,Slovak Republic,2024,43,43,1.553395,1.553395,24,24,1.0,1.0
72,Bulgaria,2022,49,0,1.718124,0.0,30,0,0.0,0.0
72,Bulgaria,2023,47,0,0.705137,0.0,30,0,0.0,0.0
72,Bulgaria,2024,40,0,1.27472,0.0,28,0,0.0,0.0
75,Hungary,2015,22,0,2.120119,0.0,15,0,0.0,0.0
75,Hungary,2016,55,0,10.017218,0.0,51,0,0.0,0.0
75,Hungary,2017,27,0,6.610639,0.0,21,0,0.0,0.0
75,Hungary,2018,165,0,19.998917,0.0,82,0,0.0,0.0
75,Hungary,2019,113,113,56.137523,56.137523,75,75,1.0,1.0
75,Hungary,2020,179,179,112.715144,112.715144,86,86,1.0,1.0
75,Hungary,2021,208,208,136.762217,136.762217,140,140,1.0,1.0
75,Hungary,2022,84,84,111.801098,111.801098,64,64,1.0,1.0
75,Hungary,2023,61,40,77.753368,32.040471000000004,51,34,0.6557377049180327,0.41207823949182504
75,Hungary,2024,125,116,42.013331,29.707506000000002,91,86,0.928,0.7070971354306566
76,Poland,2013,307,307,80.158883,80.158883,167,167,1.0,1.0
76,Poland,2014,303,303,73.820337,73.820337,155,155,1.0,1.0
76,Poland,2015,335,335,91.319805,91.319805,186,186,1.0,1.0
76,Poland,2016,195,195,143.48898400000002,143.48898400000002,108,108,1.0,1.0
76,Poland,2017,267,267,55.763287,55.763287,126,126,1.0,1.0
76,Poland,2018,325,325,161.258387,161.258387,135,135,1.0,1.0
76,Poland,2019,288,288,81.32409200000001,81.32409200000001,139,139,1.0,1.0
76,Poland,2020,206,206,69.864574,69.864574,89,89,1.0,1.0
76,Poland,2021,367,367,143.205639,143.205639,162,162,1.0,1.0
76,Poland,2022,463,403,122.66323299999999,76.527154,191,160,0.8704103671706264,0.6238801320359786
76,Poland,2023,578,561,94.01965299999999,89.770725,224,216,0.9705882352941176,0.954808086773092
76,Poland,2024,574,566,95.826116,82.081579,192,187,0.9860627177700348,0.8565679422924749
77,Romania,2014,34,32,56.826370000000004,56.824018,13,11,0.9411764705882353,0.9999586107646854
77,Romania,2015,29,20,1.746064,0.649841,21,13,0.6896551724137931,0.3721747885529969
77,Romania,2016,41,22,8.477834999999999,1.0531840000000001,17,5,0.5365853658536586,0.12422794262922082
77,Romania,2017,11,11,0.149466,0.149466,9,9,1.0,1.0
82,Estonia,2013,120,0,10.851278,0.0,63,0,0.0,0.0
82,Estonia,2014,71,0,6.447674,0.0,44,0,0.0,0.0
82,Estonia,2015,66,0,6.216355,0.0,38,0,0.0,0.0
82,Estonia,2016,119,0,11.029817,0.0,46,0,0.0,0.0
82,Estonia,2017,58,0,5.700404,0.0,33,0,0.0,0.0
82,Estonia,2018,79,0,7.993702,0.0,37,0,0.0,0.0
82,Estonia,2019,37,0,3.3930130000000003,0.0,27,0,0.0,0.0
82,Estonia,2020,33,33,4.033776,4.033776,20,20,1.0,1.0
82,Estonia,2021,76,76,12.402724,12.402724,49,49,1.0,1.0
82,Estonia,2022,9,7,3.429215,0.103989,9,7,0.7777777777777778,0.03032443285125021
82,Estonia,2023,72,72,7.992381,7.992381,41,41,1.0,1.0
82,Estonia,2024,109,17,22.598964,1.203764,50,13,0.1559633027522936,0.053266335571843036
83,Latvia,2016,25,0,1.174893,0.0,15,0,0.0,0.0
83,Latvia,2020,1,1,0.01315,0.01315,1,1,1.0,1.0
83,Latvia,2024,73,73,3.723621,3.723621,44,44,1.0,1.0
84,Lithuania,2014,1,1,0.148315,0.148315,1,1,1.0,1.0
84,Lithuania,2015,4,2,0.156921,0.103269,4,2,0.5,0.6580954747930488
301,Canada,2010,1215,1215,366.44361299999997,366.44361299999997,538,538,1.0,1.0
301,Canada,2011,1315,1315,553.042083,553.042083,568,568,1.0,1.0
301,Canada,2012,1038,1038,381.387985,381.387985,459,459,1.0,1.0
301,Canada,2013,922,904,381.078331,378.343255,375,369,0.9804772234273319,0.9928227984183126
301,Canada,2014,925,925,662.179752,662.179752,437,437,1.0,1.0
301,Canada,2015,1220,1220,1088.989199,1088.989199,545,545,1.0,1.0
301,Canada,2016,1356,1356,1228.273205,1228.273205,509,509,1.0,1.0
301,Canada,2017,1547,1547,1010.632059,1010.632059,595,595,1.0,1.0
301,Canada,2018,1732,1590,1027.306305,1013.472098,697,599,0.918013856812933,0.9865335130012659
301,Canada,2019,2160,2130,1266.425447,1263.217711,739,713,0.9861111111111112,0.997467094484244
301,Canada,2020,2441,2441,669.849312,669.849312,861,861,1.0,1.0
301,Canada,2021,2209,2177,1364.186663,1347.576371,701,673,0.9855138071525578,0.9878240328464494
301,Canada,2022,3544,3540,980.173435,979.273128,632,628,0.9988713318284425,0.9990814819420197
301,Canada,2023,8113,8113,1045.208011,1045.208011,869,869,1.0,1.0
301,Canada,2024,3333,3308,306.801415,302.50367,539,522,0.9924992499249925,0.9859917693013247
302,United States,2010,10149,142,20329.470893,173.496408,1221,3,0.013991526258744703,0.008534231358659689
302,United States,2011,9626,9626,19223.681973,19223.681973,1168,1168,1.0,1.0
302,United States,2012,9033,9033,16113.930972,16113.930972,1152,1152,1.0,1.0
302,United States,2013,8709,8709,17591.056476,17591.056476,1175,1175,1.0,1.0
302,United States,2014,9163,9163,15367.116713,15367.116713,1206,1206,1.0,1.0
302,United States,2015,8760,8760,15549.809197999999,15549.809197999999,1217,1217,1.0,1.0
302,United States,2016,10673,10673,15846.761313,15846.761313,1122,1122,1.0,1.0
302,United States,2017,10085,10085,14651.74605,14651.74605,1038,1038,1.0,1.0
302,United States,2018,10748,10748,14402.317867,14402.317867,1056,1056,1.0,1.0
302,United States,2019,8702,8702,11910.742629,11910.742629,1038,1038,1.0,1.0
302,United States,2020,8343,8343,14760.634979,14760.634979,1053,1053,1.0,1.0
302,United States,2021,25020,25020,13981.123381,13981.123381,1095,1095,1.0,1.0
302,United States,2022,10277,10277,20684.955797,20684.955797,1100,1100,1.0,1.0
302,United States,2023,10673,10673,25056.106155,25056.106155,1115,1115,1.0,1.0
302,United States,2024,11127,11127,24318.957364,24318.957364,1190,1190,1.0,1.0
552,Kuwait,2010,38,0,1163.406824,0.0,37,0,0.0,0.0
552,Kuwait,2011,24,0,462.938791,0.0,24,0,0.0,0.0
552,Kuwait,2012,30,0,1969.5606800000003,0.0,30,0,0.0,0.0
552,Kuwait,2013,31,0,973.2989279999999,0.0,31,0,0.0,0.0
552,Kuwait,2014,30,0,943.590831,0.0,29,0,0.0,0.0
552,Kuwait,2015,29,0,1216.030365,0.0,29,0,0.0,0.0
552,Kuwait,2016,34,0,1233.862693,0.0,33,0,0.0,0.0
552,Kuwait,2017,30,0,753.071553,0.0,27,0,0.0,0.0
552,Kuwait,2018,26,0,818.760472,0.0,20,0,0.0,0.0
552,Kuwait,2019,9,0,48.929724,0.0,9,0,0.0,0.0
552,Kuwait,2020,3,0,290.046692,0.0,3,0,0.0,0.0
552,Kuwait,2021,18,0,494.940796,0.0,16,0,0.0,0.0
552,Kuwait,2022,6,0,128.439645,0.0,6,0,0.0,0.0
552,Kuwait,2024,9,0,277.804363,0.0,9,0,0.0,0.0
561,Qatar,2019,9,0,14.566308,0.0,5,0,0.0,0.0
566,Saudi Arabia,2015,23,0,874.062988,0.0,19,0,0.0,0.0
566,Saudi Arabia,2016,30,0,2537.032206,0.0,23,0,0.0,0.0
566,Saudi Arabia,2017,26,0,1029.254975,0.0,26,0,0.0,0.0
566,Saudi Arabia,2018,17,0,704.958538,0.0,15,0,0.0,0.0
566,Saudi Arabia,2019,23,0,936.841102,0.0,21,0,0.0,0.0
566,Saudi Arabia,2020,107,0,191.185035,0.0,54,0,0.0,0.0
566,Saudi Arabia,2021,188,0,733.6466929999999,0.0,67,0,0.0,0.0
566,Saudi Arabia,2023,34,0,2094.845943,0.0,33,0,0.0,0.0
566,Saudi Arabia,2024,13,0,2798.0,0.0,12,0,0.0,0.0
576,United Arab Emirates,2010,317,14,604.77678,500.42593000000005,172,13,0.04416403785488959,0.8274555944426306
576,United Arab Emirates,2011,369,369,318.16987,318.16987,198,198,1.0,1.0
576,United Arab Emirates,2012,452,452,463.638642,463.638642,199,199,1.0,1.0
576,United Arab Emirates,2013,42,42,4890.640655,4890.640655,33,33,1.0,1.0
576,United Arab Emirates,2014,48,0,1429.308737,0.0,28,0,0.0,0.0
576,United Arab Emirates,2015,415,165,2370.154044,166.09602099999998,200,69,0.39759036144578314,0.07007815438007876
576,United Arab Emirates,2016,6,4,325.173081,37.600159999999995,6,4,0.6666666666666666,0.11563121979337519
576,United Arab Emirates,2017,26,6,766.863148,53.849339,18,5,0.23076923076923078,0.07022027220950772
576,United Arab Emirates,2018,18,2,587.379678,22.318865000000002,15,2,0.1111111111111111,0.037997339431276686
576,United Arab Emirates,2019,34,9,612.434026,84.30791500000001,29,7,0.2647058823529412,0.1376604032774626
576,United Arab Emirates,2020,15,0,324.78074499999997,0.0,13,0,0.0,0.0
576,United Arab Emirates,2021,29,0,458.597317,0.0,26,0,0.0,0.0
576,United Arab Emirates,2022,11,0,829.400743,0.0,10,0,0.0,0.0
576,United Arab Emirates,2023,10,0,228.932765,0.0,10,0,0.0,0.0
576,United Arab Emirates,2024,13,0,609.999105,0.0,12,0,0.0,0.0
613,Kazakhstan,2019,1,0,0.149423,0.0,1,0,0.0,0.0
701,Japan,2010,6791,3589,7929.540448,7368.911212,2241,311,0.5284935944632602,0.9292986472953294
701,Japan,2011,5992,2597,6292.443541,5976.146759,2141,156,0.433411214953271,0.9497338704846395
701,Japan,2012,12081,3123,7823.19424,7449.229241,2134,105,0.2585050906381922,0.9521979146206141
701,Japan,2013,8819,1867,9442.26942,8834.569706,2122,119,0.21170200703027553,0.9356405026197611
701,Japan,2014,8053,1720,9134.613642,8525.671039,2073,148,0.21358499937911338,0.9333367970594678
701,Japan,2015,8134,7978,12873.030066,12853.415384,2033,1881,0.9808212441603147,0.9984762964197679
701,Japan,2016,8608,7676,11206.208617,11054.284695,2069,1643,0.891728624535316,0.9864428793722857
701,Japan,2017,8432,6635,12169.244336,11827.031992,2004,1271,0.7868833017077799,0.971878915851197
701,Japan,2018,7723,5682,11435.791333,11095.540558,1916,1135,0.7357244594069662,0.9702468534889978
701,Japan,2019,10315,5691,8558.013769,8190.016117,2165,302,0.5517207949587979,0.9569996424482267
701,Japan,2020,10302,1736,10800.691083,10564.379434,2239,83,0.1685109687439332,0.9781206917979585
701,Japan,2021,11964,5692,6596.87585,6363.839957,2159,274,0.4757606151788699,0.964674809970844
701,Japan,2022,11157,11143,11094.680229,5873.183876,2266,2262,0.9987451823967016,0.5293693693530966
701,Japan,2023,11847,11795,18262.341612,18254.85687,2392,2361,0.9956107031315945,0.9995901543099445
701,Japan,2024,12662,7459,8974.807218,8746.418344,2592,296,0.5890854525351445,0.9745522250837946
742,Korea,2010,120,120,1643.721957,1643.721957,105,105,1.0,1.0
742,Korea,2011,86,86,1267.806252,1267.806252,78,78,1.0,1.0
742,Korea,2012,80,80,1268.973018,1268.973018,74,74,1.0,1.0
742,Korea,2013,250,250,1586.714878,1586.714878,186,186,1.0,1.0
742,Korea,2014,224,224,1656.736142,1656.736142,165,165,1.0,1.0
742,Korea,2015,197,197,1653.400973,1653.400973,153,153,1.0,1.0
742,Korea,2016,141,141,1765.002581,1765.002581,120,120,1.0,1.0
742,Korea,2017,168,168,1590.75291,1590.75291,138,138,1.0,1.0
742,Korea,2018,219,219,1811.275786,1811.275786,180,180,1.0,1.0
742,Korea,2019,216,215,2596.024758,2547.603732,180,179,0.9953703703703703,0.981348010703371
742,Korea,2020,421,364,1115.017358,1038.990895,284,237,0.8646080760095012,0.9318158928607458
742,Korea,2021,531,443,2596.300388,2496.1388580000003,344,271,0.8342749529190208,0.9614214401141938
742,Korea,2022,534,479,3641.053424,3581.80286,339,286,0.897003745318352,0.983727081945722
742,Korea,2023,491,463,3678.535129,3663.191318,336,311,0.9429735234215886,0.995828825752122
742,Korea,2024,545,545,3976.086309,3976.086309,334,334,1.0,1.0
764,Thailand,2020,4,0,24.543448,0.0,2,0,0.0,0.0
764,Thailand,2021,3,0,8.99053,0.0,2,0,0.0,0.0
764,Thailand,2022,7,0,40.4208,0.0,4,0,0.0,0.0
765,Timor-Leste,2014,1,0,6.423544,0.0,1,0,0.0,0.0
801,Australia,2010,480,0,730.668421,0.0,170,0,0.0,0.0
801,Australia,2011,903,654,863.89885,684.931014,386,280,0.7242524916943521,0.7928370479946812
801,Australia,2012,1691,1539,1180.554191,1053.143863,537,445,0.9101123595505618,0.8920758327137226
801,Australia,2013,1576,1257,1080.169187,967.403439,554,379,0.7975888324873096,0.8956036245459019
801,Australia,2014,1655,1580,852.228476,817.237,419,370,0.9546827794561934,0.9589412029926115
801,Australia,2017,7,7,1.892719,1.892719,7,7,1.0,1.0
801,Australia,2020,2624,2554,856.258612,803.519957,425,399,0.9733231707317073,0.9384080296993264
820,New Zealand,2010,142,139,78.36198900000001,77.148746,118,115,0.9788732394366197,0.9845174552677574
820,New Zealand,2011,138,135,178.64482999999998,174.135402,119,116,0.9782608695652174,0.9747575790466481
820,New Zealand,2012,87,82,73.979804,72.984619,75,70,0.9425287356321839,0.9865478827167479
820,New Zealand,2013,74,74,49.292629,49.292629,64,64,1.0,1.0
820,New Zealand,2014,105,105,152.198185,152.198185,93,93,1.0,1.0
820,New Zealand,2015,86,83,74.25523199999999,74.112301,76,73,0.9651162790697675,0.9980751390016532
820,New Zealand,2016,95,95,64.661422,64.661422,87,87,1.0,1.0
820,New Zealand,2017,97,97,114.941783,114.941783,82,82,1.0,1.0
820,New Zealand,2018,99,99,89.676214,89.676214,84,84,1.0,1.0
820,New Zealand,2019,122,122,109.550027,109.550027,99,99,1.0,1.0
820,New Zealand,2020,124,124,102.388703,102.388703,103,103,1.0,1.0
820,New Zealand,2021,131,131,175.3795,175.3795,112,112,1.0,1.0
820,New Zealand,2022,118,118,77.982823,77.982823,73,73,1.0,1.0
820,New Zealand,2023,186,186,97.519898,97.519898,105,105,1.0,1.0
820,New Zealand,2024,192,192,139.818062,139.818062,103,103,1.0,1.0
918,EU Institutions,2010,391,378,4368.610456,4342.248403,262,252,0.9667519181585678,0.993965574805647
918,EU Institutions,2011,458,412,11337.668334,6615.705858,292,260,0.8995633187772926,0.5835155574414248
918,EU Institutions,2012,445,380,14384.424331,5611.6331,279,240,0.8539325842696629,0.3901187124955929
918,EU Institutions,2013,526,471,13783.589929,6762.181131,337,299,0.8954372623574145,0.490596511201534
918,EU Institutions,2014,325,325,10386.279586,10386.279586,206,206,1.0,1.0
918,EU Institutions,2015,449,403,10829.002296,5101.640505,271,236,0.8975501113585747,0.4711090057561846
918,EU Institutions,2016,399,399,13100.014472,13100.014472,277,277,1.0,1.0
918,EU Institutions,2017,511,511,13495.56282,13495.56282,334,334,1.0,1.0
918,EU Institutions,2018,550,507,8932.018087,6975.24905,362,325,0.9218181818181819,0.7809264358915757
918,EU Institutions,2019,633,599,10453.85019,6812.290994,401,371,0.9462875197472354,0.6516537802040189
918,EU Institutions,2020,718,651,13155.293535,5713.0584,430,377,0.9066852367688022,0.43427829145737107
918,EU Institutions,2021,521,475,10040.664896,5058.170269,338,297,0.9117082533589251,0.5037684577059308
918,EU Institutions,2022,802,802,11599.795311,11599.795311,479,479,1.0,1.0
918,EU Institutions,2023,744,744,9727.935111,9727.935111,477,477,1.0,1.0
918,EU Institutions,2024,821,821,11072.844287,11072.844287,478,478,1.0,1.0
