year,cells,providers,recipients,adaptation,mitigation,nonclimate
2010,5272,21,150,672.8754700000001,3660.331374,9628.041693
2011,6815,24,148,554.650339,2579.692478,28361.665967
2012,6430,24,148,1131.188805,4367.672435,23885.368966000002
2013,6731,26,147,1621.558622,4834.024678,32012.090627
2014,7034,27,146,1854.970708,7901.119702999999,27410.279255
2015,8352,28,146,2135.913846,7132.3672879999995,30005.19704
2016,7571,26,146,2442.424442,5941.65964,29812.813052
2017,7034,27,145,2515.022447,5923.599442,26806.623203
2018,7678,25,143,813.218658,4241.398421,26408.969793
2019,7221,26,143,2020.181034,5264.523759,25553.555485
2020,7740,28,142,2194.938633,5041.600475,26425.31759
2021,7732,26,142,1473.476594,3799.1075,25264.771467
2022,9343,26,139,2322.6647820000003,4738.786425,28005.616495000002
2023,10191,26,140,3029.5571099999997,16337.640339000001,33467.107875
2024,7796,27,140,3436.1796679999998,5275.791024,27924.226067
