provider,n,positive_n,amount,volume_share
4,2287,347,8938.282525,0.42641895441985417
5,4364,392,4861.9060230000005,0.23194711926106312
302,8144,667,1671.368948,0.07973605636905862
742,1820,146,1369.522682,0.06533586608829131
701,8733,530,932.7645369999999,0.044499430117024556
12,3044,275,582.017986,0.027766352243790735
301,5334,532,499.08421,0.023809827715829433
10,1338,168,415.821588,0.019837614920341015
7,775,64,346.821116,0.016545807009545936
8,1267,108,303.206119,0.014465064835001047
11,4138,237,223.718691,0.010672955350602819
3,402,60,215.281369,0.010270435737323575
6,2456,287,148.974842,0.007107147954075547
50,4414,440,136.89115,0.006530670840742016
76,755,91,82.28992600000001,0.003925808353681142
1,790,74,66.279057,0.0031619772710053053
820,393,101,58.064467,0.002770083540974906
2,70,10,31.025226,0.0014801215328064015
75,130,16,29.540984999999996,0.0014093127959425955
18,1001,77,18.918611000000002,0.0009025508311168483
68,655,51,12.836703,0.0006124010352266421
9,941,54,8.702583,0.00041517442900609116
20,39,8,4.0116819999999995,0.0001913854523081266
61,6,3,1.3206030000000002,6.300205312247307e-05
69,177,15,1.16647,5.564882474579502e-05
22,33,5,0.724897,3.45826863200533e-05
82,20,4,0.395567,1.887132858815049e-05
801,35,2,0.265937,1.2687065682291434e-05
83,4,1,0.064769,3.089936929334143e-06
