,lngdp,lnpop,debt_year_2011,interaction_year_2011,debt_year_2012,interaction_year_2012,vulnerability_year_2012,debt_year_2013,interaction_year_2013,vulnerability_year_2013,debt_year_2014,interaction_year_2014,vulnerability_year_2014,debt_year_2015,interaction_year_2015,vulnerability_year_2015,debt_year_2016,interaction_year_2016,vulnerability_year_2016,debt_year_2017,interaction_year_2017,vulnerability_year_2017,debt_year_2018,interaction_year_2018,vulnerability_year_2018,debt_year_2019,interaction_year_2019,vulnerability_year_2019,debt_year_2020,interaction_year_2020,vulnerability_year_2020,debt_year_2021,interaction_year_2021,vulnerability_year_2021,debt_year_2022,interaction_year_2022,vulnerability_year_2022,debt_year_2023,interaction_year_2023,vulnerability_year_2023,debt_year_2024,interaction_year_2024,vulnerability_year_2024
lngdp,2.086654979056258,3.5033813747407994,-0.9851775217506773,0.4155718160616887,-0.2094948990381246,-0.23224161145030248,0.6253397167185818,-0.646670244710262,0.23868979742148197,0.16932924547472722,0.1192504894797918,0.3883814536475332,-0.03390707830560401,-0.26694175469585973,-0.476221361554941,0.4458177750726232,0.18731953092578776,-0.3458986350945427,0.560707677887388,0.3944715433034635,-0.27493070968135574,0.5244353224466707,-0.021656983727090483,0.0005343135286103897,0.19617559025281545,0.2378286583381493,0.3600433730967887,-0.11255130409059362,0.10283730381767968,-0.07630812837840303,0.11941675452833206,-0.36433905363675506,0.09985574152194748,-0.05895120542816296,-0.06733757957101788,0.20163595103203844,-0.16923555994072872,0.11504658354224512,0.008775655107738502,-0.055501538569089855,-0.30035298177113834,-0.024217423987902907,0.34466636178352816
lnpop,3.5033813747407985,6.904658330099618,-1.6850047258993848,0.5683454841765461,-0.10352283489471129,-0.6217908982787574,1.1604070911424877,-0.8828404426337406,0.687060714209247,0.1596650403388961,0.09898609707608345,1.0462277764578933,-0.33728228499075785,-0.41864213568562925,-0.5452610614901805,0.591514992739091,0.2538697831462598,-0.3663662401667732,0.7303540169382458,0.6679928136692057,-0.3985643454528639,0.7987096622435067,0.1693739685068402,-0.09375002833050461,0.45875088004562387,0.46126209862750744,0.9092055260342398,-0.44490640713758867,0.23612357789777516,-0.18700755301848446,0.15547180375296787,-0.7063984036164547,0.10394055397369016,-0.1800011684900971,-0.06097342952110577,0.3987254363011575,-0.5839971000965817,0.13254133792164266,0.08380672315124608,-0.24272176058451034,-0.5244546029213233,-0.05618561841990512,0.5989316820976249
debt_year_2011,-0.9851775217506831,-1.685004725899387,0.5282567318493643,-0.2697325197776509,0.11000387664064726,0.09773454536595538,-0.33256060404739035,0.3261068361025242,-0.1669912669898162,-0.11531366499552287,-0.07088032895344376,-0.20681064065578475,-0.0033883750876672414,0.13421878020015388,0.1811174075549214,-0.21310298713485512,-0.08271053196160355,0.16159142553004116,-0.2979646889166446,-0.19415758893613103,0.12221062687720341,-0.2770232066607504,0.006298013603611323,0.0005455833080358231,-0.14006831327295716,-0.1132861619785454,-0.20104957699852047,0.04177417910930076,-0.04385051185808809,0.024825497894671412,-0.07479081906230464,0.17729797548173157,-0.05006316349448987,-0.005182727057182257,0.0175755505009527,-0.09156805534177156,0.04014031298139846,-0.03423089910193025,-0.03760247164148458,0.03821954739243846,0.13632922199848033,0.011291543881192502,-0.17102229157325577
interaction_year_2011,0.4155718160617054,0.5683454841765692,-0.2697325197776514,0.22218986445034794,-0.10608331663271582,0.015246240186186866,0.1582562782486968,-0.19419783252448103,0.09415040888416862,0.11296979533649784,0.06523497291334392,0.03986035871469645,0.07299306400985282,-0.06772284178656202,-0.06437058335599134,0.10932660073642762,0.0630462081937801,-0.10478179827659717,0.19415208035913914,0.09579147561167738,-0.05216962335452161,0.1590467836435139,-0.036937287538552674,0.02293777080728853,0.07426785621238108,0.03696150502004562,0.0742792994280638,0.029709485748895172,-0.0006710846048306775,0.019061931575866723,0.04840685968308693,-0.06210794637843018,0.0372087980337255,0.04390006164840391,-0.006247563965680477,0.03540930670898844,0.05127772847893997,-0.0013999464863066885,0.04405121427548651,-0.0036933281136146113,-0.03540931918415841,0.009773520898137586,0.04811481729820338
debt_year_2012,-0.2094948990381257,-0.10352283489470629,0.11000387664064819,-0.10608331663271428,0.11359508525086527,-0.06390990358184773,-0.0287046342514391,0.14392782352972558,0.004063993376969797,-0.050608959926951004,-0.04791553272808481,0.06556901064785077,-0.07700592710733178,0.041462334294377026,0.08494512728139897,-0.0658845915858119,-0.02627113310772701,0.09173518931210042,-0.11650541007976098,-0.03742156689369127,0.03833522783657839,-0.07273767925177042,0.043747532119889534,-0.037744950101934606,0.03898342949181068,-0.0034801260487475486,0.030758111687171668,-0.04671469177783516,0.012312855288750025,-0.017244964807723084,-0.018700085863935213,0.00718956856678269,-0.029666921350876403,-0.01683686587955992,0.019884888327817686,-0.0059881250123605696,-0.06696743403732532,-0.0058078329431332535,-0.00633308838646204,-0.014666691394198322,0.01851871075593521,-0.0003955771281315039,-0.010643087509750182
interaction_year_2012,-0.23224161145030534,-0.6217908982787695,0.09773454536595517,0.015246240186187707,-0.06390990358184816,0.11306688890076831,-0.10126437135701896,-0.0003797398465578829,-0.042402722214718844,0.009703701270722431,0.02327895095707043,-0.1390201551474204,0.07970278276496257,0.01626008329544805,0.02180790463910027,-0.03104961989683238,-0.011801074499847807,-0.015347219264780176,-0.003122268572990117,-0.04701339968682524,0.021658832682416862,-0.03836954486611719,-0.029761251116125674,0.03515427404181873,-0.07355605374218739,-0.0472634943687489,-0.10121903951167878,0.06744305460759717,-0.03325100293716298,0.032007422280063993,-0.004660408170781596,0.06806654975208133,0.006261453861070987,0.031241603555931686,-0.0030736618079383674,-0.03844398824399582,0.10287099585274706,-0.01986780863486666,0.004738854331089863,0.028203538838063317,0.0454395485799714,0.0037486179592595235,-0.058346973201011676
vulnerability_year_2012,0.6253397167185887,1.160407091142508,-0.3325606040473931,0.15825627824870334,-0.02870463425143867,-0.10126437135702093,0.23633500221369472,-0.1690166449979495,0.11375575351366055,0.07604017189062524,0.034662724462336876,0.17464927443238054,-0.023456235877198407,-0.07790453273462032,-0.09812720082073488,0.13246059173791916,0.06901576886902802,-0.08416067621301317,0.17516533647430838,0.13101919086745833,-0.0739414099616038,0.17725631368626865,0.003812155697771733,-0.017204334832180295,0.13012104832431978,0.08086637517926641,0.16050078714091492,-0.045450428116777894,0.03592932757812056,-0.021570171279323643,0.04619669355267433,-0.12721521399914376,0.025312926573977206,-0.0006803269224912764,-0.004002974970176169,0.06546948041565057,-0.05788414210167538,0.025110559408903582,0.025269883530139915,-0.030966960043874687,-0.08450060029911378,0.00021728213972896024,0.11064690802080546
debt_year_2013,-0.6466702447102642,-0.8828404426337332,0.32610683610252506,-0.19419783252447928,0.1439278235297258,-0.0003797398465583543,-0.16901664499794813,0.31317486106318754,-0.08704579630465312,-0.06391945357273558,-0.06791737417466427,-0.0379982568235404,-0.05589278077747951,0.09369196745205202,0.17241183845661287,-0.15058382353986816,-0.042695087387926524,0.1522492998964523,-0.22397404892647638,-0.12269160597118563,0.09312650086187156,-0.17958256320813085,0.0291557336819347,-0.02784050357162874,-0.009825671712130012,-0.06182269978080206,-0.05594955639429996,-0.015544572636074882,-0.013746546772466433,0.0032285543575043102,-0.046826576079556176,0.09162555708042812,-0.05181027155446361,-0.0015026106974635825,0.028167952827172084,-0.04088817165965095,-0.05240246939681636,-0.02666457680689094,-0.026262934186663364,0.03593218080280015,0.09393200207670421,0.007103295276453049,-0.09645550262861013
interaction_year_2013,0.2386897974214926,0.6870607142092559,-0.16699126698982128,0.09415040888416847,0.004063993376970963,-0.04240272221472107,0.1137557535136641,-0.08704579630465412,0.26169989290687523,-0.03181770238006806,-0.0035870108071570216,0.16111864881304763,-0.05926368968675778,-0.02728475686204609,0.0739784096406072,-0.01732638077125317,-0.01220406607919003,0.01790801699234478,0.03264761335178916,0.05256631026181292,-0.002633354641229309,0.052385547625519814,0.08124932443635652,-0.003697859233002771,0.05454245239594227,0.03698309495138871,0.1483056355727373,-0.08025882395820118,0.018058241171840034,-0.008430322005182234,0.010680962063991386,-0.06550780444199487,0.0038233400123484688,-0.00252939610255516,0.01968393386197823,0.02627503685571139,-0.03935715807493631,-0.037561916526345704,0.06888884523164426,-0.08378520857680789,-0.03251472454724341,-0.013218861304590657,0.03615377932015429
vulnerability_year_2013,0.16932924547472336,0.1596650403388836,-0.11531366499552062,0.11296979533650561,-0.05060895992695191,0.00970370127072384,0.0760401718906228,-0.0639194535727341,-0.0318177023800709,0.10256314277190756,0.04425616646724945,-0.007594003008354421,0.05853040883718359,-0.03101199222611758,-0.043748869563025,0.06900163618172919,0.06190728546519928,-0.06140107339094037,0.10659310456329105,0.04685319929037879,-0.026510050654024318,0.08522410609426928,-0.04934317256230654,0.007638876347411737,0.05278664553786902,0.012999154717379495,0.021114566658441383,0.03460417972168972,-0.00503598573434163,0.01765764603836517,0.024942756437653237,-0.023088518122744473,0.018843578381003843,0.030616025279193854,-0.008747045945745303,0.024931698917152526,0.01465549778730925,0.008778791834996993,0.008243373009903084,0.030689024892141488,-0.0005053435125828842,0.019831686141135795,0.006649128121034589
debt_year_2014,0.11925048947979423,0.09898609707608645,-0.07088032895344346,0.06523497291334049,-0.0479155327280833,0.023278950957068282,0.03466272446233689,-0.06791737417466265,-0.003587010807159035,0.0442561664672483,0.03614943528336612,-0.015227822168882785,0.037310997809344125,-0.021891288194426952,-0.03530750130398014,0.03665027740198148,0.03436781309011656,-0.05023335929385313,0.07198070875856033,0.02850937273627035,-0.019756460256618574,0.04897519558557522,-0.016709896814500073,0.011950672429370993,0.0032012744697159407,0.0070227275880134455,0.004178234045157249,0.01924630171099551,-0.004360395619452414,0.01192814160493981,0.01126828270608719,-0.013187907159768586,0.015110170830304288,0.010700448491605018,-0.005178071618570503,0.004142117179716881,0.0349399064903633,0.0007170593868607566,0.015692376638727742,-0.005439839992136734,-0.00574997230024603,0.009738411462004219,0.002076249971986757
interaction_year_2014,0.38838145364753895,1.0462277764579067,-0.20681064065578578,0.03986035871469185,0.06556901064785148,-0.13902015514742042,0.174649274432379,-0.037998256823541646,0.16111864881304475,-0.007594003008352853,-0.015227822168884186,0.23545310591712829,-0.11241168219570813,-0.03664767011454412,0.012483610679231164,0.030644042422000098,0.016799004709162058,0.018741729209282364,0.033205885668828365,0.08074306707620216,-0.02632686822248716,0.0768489569333895,0.07495721165878451,-0.0383515141543446,0.11141378089679975,0.0709280566354997,0.19141020660410443,-0.11343910038985387,0.04487354634423881,-0.0362025221630102,0.01263893350363954,-0.10893210268365498,-0.004622057579020822,-0.03264950157891944,0.01361449668842453,0.05860447371344167,-0.1356147103665698,0.0018185397461414267,0.030497071945752213,-0.0659696347434822,-0.06345552503959284,-0.008462701501397649,0.08196275486025018
vulnerability_year_2014,-0.03390707830562733,-0.33728228499081825,-0.003388375087657821,0.07299306400986533,-0.07700592710733349,0.07970278276496891,-0.023456235877203028,-0.05589278077747359,-0.05926368968676161,0.05853040883718562,0.03731099780934533,-0.11241168219571457,0.09606773860899025,-0.008354381492753799,-0.03892130970407036,0.03732651747951101,0.022185777283696386,-0.056449824210186114,0.06926946476008783,-0.003312247823224987,-0.008815671246550963,0.030414388020372392,-0.06074299633454307,0.025588984743576404,-0.01559081032675527,-0.023274017447908128,-0.07531928806675406,0.08103642394209495,-0.024552074922693408,0.026794380063402293,0.018414196050094877,0.032015879353511474,0.017041099857517627,0.04204922092703687,-0.010001046771511056,-0.01753820137217782,0.09913029517166759,0.0018595254634973927,-0.002703500115958369,0.04421938912699147,0.019668469358479358,0.009078584543610971,-0.018455939664326126
debt_year_2015,-0.2669417546958638,-0.418642135685635,0.1342187802001551,-0.0677228417865605,0.04146233429437666,0.016260083295448854,-0.07790453273462043,0.09369196745205238,-0.027284756862045387,-0.03101199222611759,-0.021891288194426997,-0.03664767011454478,-0.008354381492755756,0.039098954771222744,0.06444665845993959,-0.06044584930179441,-0.02258618420281053,0.05350074301944919,-0.08378468925385081,-0.05034598180613933,0.03723499000905427,-0.07306896651046767,0.011132599658372237,-0.004095720586371126,-0.020538842709605896,-0.027317537043635647,-0.03918085853973825,0.006334062681749323,-0.00990434169807626,0.0050151806566455185,-0.016065091823166063,0.04359810657215964,-0.016086754118585088,0.003007410508451372,0.008806719644088135,-0.021766483183851864,0.0033652116145888346,-0.010968987554930757,-0.007237700193975857,0.010421681948619916,0.037181417357179974,0.003311079299387844,-0.04072200802818221
interaction_year_2015,-0.476221361554945,-0.5452610614901954,0.1811174075549216,-0.06437058335598655,0.08494512728139768,0.02180790463910222,-0.09812720082073441,0.17241183845661215,0.07397840964060803,-0.043748869563024054,-0.03530750130397842,0.01248361067923041,-0.03892130970407257,0.06444665845993883,0.21786528479950587,-0.15116463332503016,-0.04727994017379873,0.13019357242718377,-0.1568770559755457,-0.08238097302175143,0.08792798407442777,-0.12408093792668566,0.06721510785892341,-0.012170751907358847,-0.0018215716064905313,-0.04401937997926085,0.015832092401568673,-0.03315492355742787,-0.017087533493322364,0.01712358657737627,-0.029459976180726488,0.06010597204323744,-0.03488930109144045,0.01826543467569437,0.02911570725562589,-0.02255506757802194,-0.02713661679677324,-0.06177577244586812,0.03865997263709076,-0.02054834885128245,0.07953119933718633,0.006957779480469259,-0.08975897244691089
vulnerability_year_2015,0.4458177750726341,0.5915149927391128,-0.2131029871348608,0.10932660073643727,-0.06588459158581098,-0.031049619896836318,0.13246059173792418,-0.150583823539868,-0.017326380771257383,0.06900163618173447,0.036650277401981325,0.0306440424220035,0.03732651747951145,-0.0604458493017949,-0.15116463332503233,0.13798430586405488,0.05153267775542702,-0.10434869826107224,0.15852679469451086,0.08471137394862371,-0.07057049565545251,0.13552286571599478,-0.04945919707387956,0.0025969591097993257,0.05988102350892719,0.0444873744504043,0.02994614310993292,0.02744997020699911,0.015325561055073099,-0.011558298325070996,0.04272805238544964,-0.06634110331234079,0.027845952400892642,0.009801998177671207,-0.017665455617601303,0.03170494279061049,0.01645784338888976,0.04301104713665408,-0.0183713707808559,0.027178138482207948,-0.0646521558787311,-0.003516024024840527,0.0890564226922852
debt_year_2016,0.18731953092578885,0.25386978314626135,-0.08271053196160331,0.06304620819377836,-0.02627113310772707,-0.011801074499847656,0.06901576886902695,-0.04269508738792608,-0.012204066079191977,0.06190728546519997,0.034367813090116564,0.0167990047091619,0.02218577728369793,-0.02258618420281046,-0.047279940173799016,0.05153267775542626,0.08139688427803078,-0.05647935005654103,0.08276065463956041,0.051011313899214844,-0.028756836981594997,0.06696944608985048,-0.024987154480405893,0.004482761343428636,0.03344808371460793,0.018608986340788853,0.03594810798697967,0.0018833418718723644,0.0028596757725858515,0.008588649696977115,0.007621408758147923,-0.0332412572746674,0.014017842818153164,0.0009036881809960273,-0.005429213926986935,0.021161852659099003,-0.013547394959450548,0.01160379171025635,0.008042363352043114,0.0019888614637486447,-0.003356428357878659,0.023861685367089533,-0.004306896666694482
interaction_year_2016,-0.3458986350945395,-0.366366240166762,0.16159142553003894,-0.10478179827659485,0.09173518931209995,-0.015347219264780648,-0.08416067621301121,0.15224929989645059,0.017908016992346693,-0.06140107339093985,-0.050233359293853565,0.01874172920928406,-0.05644982421018931,0.05350074301944844,0.13019357242718385,-0.10434869826107063,-0.05647935005654067,0.11351796396607727,-0.1499444310854518,-0.06906250609560688,0.06154340192146824,-0.11027637565071702,0.048832033952969124,-0.02056848699397134,-0.0051137716011596815,-0.026225936649084413,-0.0010509613253096555,-0.03285421979192145,-0.0026705546157794586,-0.005069190967383283,-0.024197150281939524,0.04334896692167015,-0.03254411715354702,-0.004433428776779076,0.015292534189035235,-0.009730404942755755,-0.059231618984679955,-0.0242646701285338,-0.006193547215999197,0.007332168000061031,0.04251379579723702,-0.0052877963594566355,-0.040843960099793714
vulnerability_year_2016,0.5607076778873912,0.7303540169382454,-0.29796468891664685,0.19415208035914752,-0.11650541007976103,-0.00312226857299023,0.17516533647430854,-0.22397404892647566,0.03264761335178611,0.10659310456329349,0.07198070875856162,0.03320588566882818,0.06926946476008916,-0.08378468925385062,-0.15687705597554702,0.15852679469450762,0.08276065463956057,-0.149944431085453,0.23231995541922146,0.1162248716502182,-0.08570106144958127,0.1863740437559437,-0.053760861316430354,0.01886302909052877,0.0655091240730048,0.05081127127161996,0.055035722752446725,0.03445826221082795,0.009907533422470154,0.004416383757276041,0.05099801628361244,-0.08371183719973063,0.043998378137784046,0.022996190980118035,-0.013814535765145746,0.02968683197487386,0.06447642098454813,0.02819784144205648,0.02118977725060906,-0.00712089412631202,-0.06708575934839832,0.005541634419391324,0.08238529999477895
debt_year_2017,0.3944715433034633,0.6679928136692047,-0.1941575889361296,0.09579147561167348,-0.037421566893690125,-0.04701339968682567,0.13101919086745645,-0.12269160597118409,0.05256631026181003,0.046853199290378726,0.02850937273626977,0.08074306707620148,-0.00331224782322097,-0.05034598180613841,-0.08238097302175097,0.08471137394862181,0.051011313899214726,-0.06906250609560707,0.11622487165021633,0.08345028212995811,-0.051881213943709564,0.1082212290240176,-0.008221813186721313,0.001708072460130299,0.04846721342616527,0.0477398312828588,0.08030254617383725,-0.02255718280794489,0.018996878037440424,-0.008514934467188066,0.0214374345886295,-0.07303308696601583,0.02246028125608716,-0.009451116200015893,-0.0080155300171367,0.038586921873724755,-0.027776905922823083,0.01954825804918431,0.013932026971825074,-0.02352491573969454,-0.05098867657508376,0.004605344466256883,0.0552922623108586
interaction_year_2017,-0.27493070968135214,-0.39856434545285835,0.12221062687720093,-0.05216962335451915,0.03833522783657731,0.021658832682416817,-0.0739414099616015,0.09312650086186965,-0.0026333546412275334,-0.026510050654024047,-0.019756460256617796,-0.026326868222485995,-0.008815671246553842,0.037234990009053184,0.0879279840744268,-0.07057049565545126,-0.028756836981594598,0.06154340192146772,-0.08570106144957952,-0.051881213943708974,0.043612301607366094,-0.07347957380854551,0.0199947380427012,-0.002989367292046039,-0.01734099688057659,-0.02836381275645699,-0.02504406635550571,0.00043646631974252916,-0.011445656612013556,0.008433566892928478,-0.015618179122869927,0.0440195018147061,-0.01730384173209263,0.008152257226446058,0.01019626786345077,-0.01734403843871853,-0.002607388361005389,-0.021835804974980486,0.0029827317302563946,0.007574131732330971,0.041427575646712775,0.0022441694174929914,-0.04513566390338314
vulnerability_year_2017,0.5244353224466715,0.7987096622435055,-0.2770232066607482,0.1590467836435204,-0.07273767925177083,-0.03836954486611503,0.17725631368626446,-0.17958256320812946,0.0523855476255151,0.08522410609427034,0.04897519558557533,0.07684895693338806,0.0304143880203743,-0.07306896651046667,-0.12408093792668597,0.13552286571599068,0.06696944608985061,-0.11027637565071749,0.1863740437559412,0.10822122902401803,-0.07347957380854565,0.16382774331393066,-0.032388760793341756,0.002822707929121681,0.08317436589747049,0.055440235640035876,0.08273730857565849,0.0049368335865891885,0.018095172098414665,-0.006277393820613777,0.045031629903464876,-0.08970696491239014,0.032702467690627776,0.013163183804041453,-0.010695607942406931,0.04082571113041451,0.011048922023375037,0.027120314115173325,0.014854665794633444,-0.006912956286350851,-0.06693715895195518,0.001716841482521921,0.08622247906008085
debt_year_2018,-0.021656983727090986,0.1693739685068406,0.006298013603611983,-0.03693728753855408,0.04374753211988985,-0.029761251116125702,0.00381215569777109,0.029155733681934734,0.08124932443635585,-0.04934317256230625,-0.016709896814500705,0.07495721165878437,-0.06074299633454211,0.01113259965837257,0.06721510785892405,-0.04945919707388069,-0.024987154480405834,0.048832033952969145,-0.05376086131643092,-0.008221813186721482,0.019994738042701306,-0.03238876079334199,0.07301667813473528,-0.009204648840193605,-0.0016113055259489892,0.008093930655798838,0.05507500915039571,-0.05570266376470013,0.010359069501880905,-0.012687409430035698,-0.009434236949403664,-0.012769892464975337,-0.014620422089336423,-0.017605058872928143,0.009175574693377353,0.007467777155390036,-0.05207104213764716,-0.018232410975539286,0.016140196531312736,-0.03410292117024067,-0.0036322530759910843,-0.009153224741939124,0.004515478372875692
interaction_year_2018,0.0005343135286108614,-0.09375002833050627,0.000545583308035194,0.02293777080728846,-0.037744950101934724,0.035154274041818465,-0.01720433483218003,-0.02784050357162884,-0.0036978592330021436,0.007638876347411386,0.011950672429371745,-0.03835151415434436,0.0255889847435754,-0.00409572058637141,-0.01217075190735941,0.002596959109800325,0.004482761343428833,-0.020568486993971444,0.018863029090529358,0.0017080724601307047,-0.002989367292046252,0.002822707929121535,-0.009204648840193539,0.03018041984443707,-0.042200569924455575,-0.00650769263201002,-0.023042718535129104,0.015002610983659492,-0.00855001431094758,0.01104883303375753,-0.002652438995174222,0.013440666002048672,0.0102167993073004,0.0012409495639476205,-0.005513342471557052,-9.712052874409548e-05,0.017874684816431785,-4.001893300707075e-05,-0.0006846658969196357,0.009204648312398972,0.0064618753509086335,0.0020200207591533157,-0.015007766353245744
vulnerability_year_2018,0.19617559025283132,0.4587508800456519,-0.14006831327296487,0.07426785621239657,0.038983429491810585,-0.07355605374219001,0.13012104832432828,-0.009825671712132751,0.05454245239594086,0.05278664553787611,0.0032012744697161094,0.11141378089680287,-0.015590810326752004,-0.020538842709607177,-0.0018215716064924345,0.05988102350893009,0.03344808371460898,-0.0051137716011615385,0.06550912407301152,0.048467213426167076,-0.017340996880577463,0.08317436589747879,-0.0016113055259482309,-0.04220056992445583,0.15134811024486375,0.032897639055758585,0.09169826684017507,-0.00839402650993076,0.018094317422293414,-0.013144525509502939,0.03830130501883131,-0.05867020655036156,-0.0033894963999708707,0.031095279173420597,0.015884127334890804,0.020063397714374067,-0.014387914204889754,0.007716800180544938,0.01267714781829163,0.005078546399542172,-0.025735369222620978,0.0014190429544041101,0.06541195403296585
debt_year_2019,0.23782865833815076,0.4612620986275115,-0.11328616197854509,0.036961505020043105,-0.0034801260487470832,-0.047263494368748986,0.08086637517926573,-0.061822699780801744,0.03698309495138708,0.012999154717380383,0.007022727588012684,0.07092805663549939,-0.023274017447904825,-0.027317537043635105,-0.04401937997926026,0.04448737445040313,0.018608986340788853,-0.02622593664908475,0.05081127127161961,0.047739831282858775,-0.028363812756457378,0.05544023564003624,0.008093930655798887,-0.0065076926320102434,0.03289763905575728,0.03420822127968306,0.05973963223598056,-0.027801431330415873,0.0172794981657526,-0.012758865883796891,0.01067746832544215,-0.04832004212147988,0.00854783821262627,-0.014451613228275827,-0.0029791900710125596,0.026224222394963883,-0.03639346264857842,0.01311969269208433,0.005401993174735515,-0.020335566499407837,-0.037457241692248025,-0.0012816122609678703,0.04286443917873617
interaction_year_2019,0.36004337309679363,0.9092055260342503,-0.20104957699852194,0.07427929942805997,0.0307581116871728,-0.10121903951167943,0.1605007871409146,-0.05594955639429999,0.14830563557273418,0.021114566658442763,0.004178234045156425,0.1914102066041052,-0.07531928806674926,-0.03918085853973781,0.015832092401568836,0.029946143109930927,0.03594810798697992,-0.0010509613253108152,0.0550357227524459,0.08030254617383814,-0.025044066355506902,0.08273730857566013,0.05507500915039615,-0.0230427185351298,0.09169826684017239,0.059739632235981145,0.17225223182915295,-0.09239865757367267,0.0324983287299022,-0.019085626904825098,0.010696195479579288,-0.094045883156623,0.0025797929717276103,-0.021337779914819496,0.008420166532224561,0.05741463555086834,-0.11258314376102592,-0.007056457144560154,0.040143412759583864,-0.0583524490994854,-0.045082264306018166,0.002395062066841142,0.0510248530139632
vulnerability_year_2019,-0.11255130409060604,-0.4449064071376169,0.04177417910930372,0.029709485748908283,-0.04671469177783596,0.0674430546075982,-0.045450428116779074,-0.015544572636072014,-0.08025882395820404,0.034604179721691365,0.019246301710996613,-0.11343910038985747,0.08103642394209193,0.006334062681749721,-0.03315492355742713,0.027449970206998547,0.0018833418718716282,-0.03285421979192033,0.03445826221082775,-0.022557182807947357,0.0004364663197444993,0.004936833586588601,-0.055702663764700476,0.01500261098365948,-0.008394026509933324,-0.02780143133041748,-0.09239865757367453,0.08459717312409455,-0.02199573528651251,0.018157221337507867,0.01833568815595871,0.04295669386964265,0.0076724982599377925,0.0408078732643283,-0.0039057086649922058,-0.02986623943436242,0.10345868784475566,0.00790808034184308,-0.01706579905445535,0.05220978208601004,0.019667904585168712,0.0023466562357581256,-0.007821476925432336
debt_year_2020,0.10283730381768028,0.23612357789777835,-0.043850511858087915,-0.0006710846048314156,0.01231285528875035,-0.03325100293716305,0.035929327578120465,-0.01374654677246637,0.01805824117183929,-0.005035985734341113,-0.004360395619453075,0.04487354634423859,-0.024552074922691836,-0.0099043416980759,-0.017087533493321826,0.0153255610550724,0.0028596757725858537,-0.002670554615779589,0.009907533422469599,0.018996878037440403,-0.011445656612013671,0.018095172098414516,0.010359069501880888,-0.008550014310947677,0.018094317422293026,0.017279498165752565,0.032498328729901826,-0.021995735286511643,0.01149319520160415,-0.01088829529714899,0.0023256297780906016,-0.025024363995186566,0.00046375815684535646,-0.012129892043858606,9.947954736637906e-05,0.011955493247932674,-0.028051681049445963,0.007416436698751482,-0.0005122300060317489,-0.01280416098086118,-0.01998464233982703,-0.003263785776920369,0.024006134166278226
interaction_year_2020,-0.07630812837840263,-0.18700755301848643,0.024825497894670798,0.019061931575867226,-0.01724496480772327,0.03200742228006368,-0.0215701712793233,0.003228554357504259,-0.008430322005181826,0.01765764603836473,0.011928141604940686,-0.03620252216300971,0.026794380063401298,0.0050151806566450146,0.01712358657737534,-0.011558298325070018,0.00858864969697722,-0.005069190967383289,0.0044163837572770625,-0.008514934467187783,0.00843356689292833,-0.006277393820613251,-0.012687409430035585,0.011048833033757486,-0.01314452550950255,-0.012758865883796652,-0.0190856269048244,0.018157221337507207,-0.010888295297148892,0.015375588162952524,-0.0035176390487309467,0.01845550946574691,0.0038843632634964253,0.010972519983180424,0.0017996078330754907,-0.008844918579068372,0.028938624533832138,-0.009989457125454784,0.012051913098811274,-0.0004939527752472302,0.020513719699982884,0.009240084158538948,-0.029005266902880078
vulnerability_year_2020,0.11941675452832307,0.15547180375294567,-0.0747908190623023,0.04840685968309975,-0.01870008586393478,-0.004660408170780825,0.04619669355267583,-0.046826576079554094,0.010680962063990792,0.02494275643765513,0.011268282706087379,0.012638933503636705,0.018414196050095696,-0.016065091823164283,-0.029459976180724906,0.042728052385448564,0.007621408758147538,-0.024197150281938713,0.05099801628361122,0.02143743458862825,-0.015618179122868637,0.045031629903465195,-0.00943423694940384,-0.002652438995173524,0.038301305018827475,0.010677468325440887,0.010696195479575728,0.01833568815596208,0.0023256297780899077,-0.003517639048730356,0.024630444352624802,-0.017748757863564592,0.005636572313048304,0.02006971106171675,-0.002785917008881391,0.008569881430651228,0.015813268971807112,0.00995325281504742,-0.006383674754382943,0.023828759774992787,-0.017581414679264815,-0.005453008529942131,0.03783318358056692
debt_year_2021,-0.3643390536367581,-0.7063984036164622,0.17729797548173182,-0.06210794637842729,0.007189568566781955,0.06806654975208173,-0.12721521399914193,0.09162555708042795,-0.06550780444199279,-0.02308851812274538,-0.013187907159767767,-0.10893210268365504,0.032015879353507415,0.043598106572159054,0.060105972043237074,-0.06634110331233901,-0.03324125727466742,0.04334896692167089,-0.08371183719972979,-0.07303308696601628,0.04401950181470704,-0.08970696491239175,-0.012769892464975572,0.013440666002048962,-0.05867020655035893,-0.04832004212148007,-0.09404588315662257,0.04295669386964125,-0.02502436399518677,0.018455509465747352,-0.01774875786356709,0.07872456306550125,-0.013314707684221279,0.015448033639293061,0.0048302039537044495,-0.03790724785428944,0.0492312908374631,-0.01655493255531069,-0.012602165198562058,0.032579603152926025,0.05410061053460028,0.0025338203319131315,-0.06294728329588195
interaction_year_2021,0.09985574152194904,0.1039405539736912,-0.05006316349449047,0.0372087980337246,-0.029666921350876358,0.006261453861070559,0.025312926573976016,-0.051810271554463626,0.00382334001234822,0.01884357838100376,0.015110170830304644,-0.004622057579020758,0.017041099857518116,-0.01608675411858517,-0.03488930109144108,0.02784595240089329,0.014017842818153249,-0.03254411715354732,0.04399837813778369,0.02246028125608753,-0.017303841732093154,0.03270246769062875,-0.014620422089336338,0.010216799307300314,-0.003389496399971806,0.008547838212626483,0.002579792971727951,0.00767249825993749,0.00046375815684549654,0.003884363263496289,0.005636572313048762,-0.01331470768422154,0.012903802185429998,0.000492044152251035,-0.00482325277878886,0.005505916461106936,0.015353114837732931,0.006821843954981569,0.005482234198031432,-0.006991097702876936,-0.011681138257060653,0.0029706700652316425,0.008957347309493463
vulnerability_year_2021,-0.058951205428164816,-0.18000116849010972,-0.005182727057179434,0.04390006164840884,-0.016836865879559935,0.03124160355593036,-0.0006803269224925444,-0.0015026106974631752,-0.0025293961025571144,0.03061602527919017,0.010700448491606526,-0.03264950157891966,0.04204922092702789,0.0030074105084517857,0.018265434675693158,0.009801998177665115,0.0009036881809963693,-0.004433428776779201,0.02299619098011342,-0.009451116200015534,0.008152257226446018,0.013163183804036048,-0.017605058872928098,0.0012409495639476773,0.031095279173412826,-0.014451613228276096,-0.02133777991481968,0.0408078732643222,-0.012129892043858722,0.010972519983180445,0.0200697110617089,0.01544803363929362,0.0004920441522512557,0.04022750552453393,0.0026333650627979755,-0.008866054285684127,0.047218967796757445,-0.005620710667813784,0.00020145173348011346,0.035902386572362784,0.015800457376704644,-0.0001646447672431859,0.0016193724519003305
debt_year_2022,-0.06733757957101816,-0.06097342952110772,0.017575550500952768,-0.0062475639656798055,0.01988488832781794,-0.0030736618079384476,-0.004002974970175612,0.028167952827172393,0.019683933861978146,-0.008747045945745005,-0.005178071618570134,0.013614496688424396,-0.010001046771511115,0.008806719644088124,0.02911570725562584,-0.017665455617601095,-0.005429213926986755,0.01529253418903532,-0.013814535765145347,-0.008015530017136655,0.01019626786345082,-0.010695607942406711,0.009175574693377346,-0.005513342471557085,0.015884127334891043,-0.0029791900710125323,0.008420166532224636,-0.003905708664992167,9.947954736636006e-05,0.0017996078330755755,-0.0027859170088814,0.004830203953704419,-0.004823252778788796,0.002633365062798255,0.016824982948645546,-0.018565404212902963,0.026505696115954894,-0.010658734694094948,0.018265797000399403,-0.027287425352035873,0.006882956958921257,0.001047547961377895,-0.005531326719074178
interaction_year_2022,0.20163595103204054,0.3987254363011652,-0.091568055341772,0.0354093067089859,-0.005988125012360518,-0.038443988243995884,0.06546948041564986,-0.04088817165965142,0.02627503685571029,0.024931698917152956,0.004142117179715911,0.058604473713442254,-0.017538201372175582,-0.021766483183851656,-0.022555067578021504,0.03170494279060955,0.02116185265909892,-0.009730404942756234,0.029686831974873353,0.03858692187372485,-0.0173440384387188,0.04082571113041443,0.007467777155390151,-9.712052874427246e-05,0.02006339771437302,0.026224222394963956,0.05741463555086808,-0.029866239434361345,0.011955493247932774,-0.008844918579068673,0.008569881430652281,-0.03790724785428948,0.005505916461106786,-0.008866054285684393,-0.018565404212902994,0.05338123710621408,-0.09661033436525436,0.013697824840921554,-0.016250016399026252,0.030613610350706352,-0.02024019247721051,0.0013102309672931396,0.02471664222213049
vulnerability_year_2022,-0.1692355599407332,-0.583997100096607,0.04014031298140096,0.05127772847895197,-0.06696743403732593,0.10287099585274796,-0.05788414210167598,-0.0524024693968144,-0.039357158074937,0.014655497787307924,0.03493990649036734,-0.13561471036657077,0.09913029517165926,0.0033652116145890896,-0.027136616796775388,0.01645784338888814,-0.01354739495944973,-0.059231618984679824,0.06447642098454642,-0.02777690592282178,-0.0026073883610055726,0.01104892202337398,-0.05207104213764684,0.017874684816432746,-0.014387914204895639,-0.03639346264857844,-0.11258314376102455,0.10345868784475036,-0.02805168104944586,0.02893862453383254,0.015813268971800982,0.049231290837464296,0.015353114837732796,0.04721896779676034,0.026505696115955085,-0.09661033436525435,0.2592398311999327,-0.017377429359412465,0.045842278474177274,-0.0525587293671595,0.014295987852984485,-0.0003206369576742689,-0.012553067941044382
debt_year_2023,0.11504658354224208,0.13254133792164177,-0.03423089910192836,-0.0013999464863083163,-0.005807832943133257,-0.01986780863486592,0.02511055940890209,-0.026664576806890328,-0.03756191652634679,0.008778791834997267,0.0007170593868597385,0.0018185397461399789,0.0018595254634985801,-0.010968987554929996,-0.061775772445866996,0.04301104713665244,0.011603791710256026,-0.024264670128533568,0.02819784144205586,0.019548258049183406,-0.021835804974980073,0.027120314115172323,-0.01823241097553955,-4.001893300695992e-05,0.0077168001805436445,0.013119692692083762,-0.0070564571445616096,0.007908080341844039,0.007416436698751167,-0.00998945712545461,0.009953252815047577,-0.016554932555309706,0.006821843954981364,-0.005620710667813586,-0.010658734694094856,0.013697824840920893,-0.01737742935941212,0.028334756295922876,-0.028770121145493564,0.02768261512269677,-0.021366554743836204,-0.0025530936891803666,0.0318369753051303
interaction_year_2023,0.008775655107742721,0.08380672315124606,-0.03760247164148645,0.04405121427548681,-0.006333088386461424,0.0047388543310884984,0.025269883530141368,-0.026262934186663422,0.06888884523164411,0.008243373009902594,0.01569237663872908,0.03049707194575345,-0.002703500115958282,-0.007237700193976544,0.03865997263708897,-0.018371370780854452,0.008042363352043473,-0.0061935472159997396,0.02118977725060956,0.01393202697182639,0.002982731730255311,0.014854665794634873,0.016140196531313124,-0.0006846658969200045,0.012677147818292583,0.005401993174736336,0.040143412759585356,-0.017065799054455825,-0.0005122300060312659,0.012051913098810853,-0.0063836747543823446,-0.012602165198563305,0.005482234198031543,0.00020145173347954233,0.018265797000399243,-0.016250016399025444,0.045842278474176254,-0.028770121145493256,0.05957321320605756,-0.07993248311914365,0.00317318063346712,0.009595199770226057,-0.019062546157895044
vulnerability_year_2023,-0.05550153856908181,-0.24272176058448933,0.03821954739243525,-0.0036933281136076854,-0.014666691394200125,0.02820353883806173,-0.030966960043874555,0.03593218080279729,-0.08378520857680395,0.03068902489213884,-0.005439839992136836,-0.06596963474348061,0.04421938912698204,0.010421681948619439,-0.020548348851282303,0.027178138482202303,0.0019888614637495984,0.007332168000060288,-0.00712089412631468,-0.023524915739693637,0.0075741317323312594,-0.006912956286353476,-0.03410292117024011,0.009204648312399191,0.00507854639953448,-0.020335566499407355,-0.05835244909948364,0.05220978208600257,-0.01280416098086101,-0.0004939527752473567,0.023828759774986018,0.032579603152925206,-0.006991097702877033,0.035902386572364234,-0.027287425352036116,0.03061361035070746,-0.05255872936716262,0.027682615122696756,-0.07993248311914312,0.1554789388015622,0.019644320920762234,-0.0077399587653447155,0.012008752924960286
debt_year_2024,-0.30035298177114744,-0.524454602921343,0.13632922199848396,-0.035409319184158204,0.018518710755934895,0.04543954857997305,-0.08450060029911569,0.09393200207670623,-0.032514724547243884,-0.000505343512584533,-0.005749972300245409,-0.0634555250395946,0.019668469358476437,0.03718141735718027,0.07953119933718694,-0.06465215587873144,-0.0033564283578791116,0.042513795797238324,-0.0670857593483996,-0.050988676575085455,0.04142757564671437,-0.06693715895195797,-0.0036322530759915735,0.006461875350908989,-0.025735369222620506,-0.03745724169224908,-0.04508226430601963,0.01966790458516766,-0.019984642339827642,0.020513719699983602,-0.01758141467926731,0.05410061053460162,-0.011681138257060597,0.015800457376704057,0.0068829569589213165,-0.020240192477211188,0.014295987852984643,-0.02136655474383718,0.003173180633467907,0.019644320920762674,0.05714204347677525,0.013342779706442896,-0.0689648260639999
interaction_year_2024,-0.02421742398788833,-0.05618561841987699,0.011291543881184958,0.009773520898140951,-0.0003955771281322101,0.0037486179592571937,0.0002172821397337922,0.0071032952764492705,-0.013218861304587933,0.01983168614113711,0.009738411462004859,-0.008462701501393286,0.009078584543609549,0.0033110792993858544,0.006957779480466684,-0.003516024024837176,0.023861685367090484,-0.005287796359458275,0.005541634419394601,0.0046053444662596445,0.0022441694174912966,0.001716841482525726,-0.009153224741938512,0.0020200207591528968,0.001419042954406585,-0.0012816122609659879,0.002395062066845007,0.00234665623575636,-0.0032637857769194124,0.009240084158538213,-0.005453008529941048,0.002533820331910081,0.002970670065232175,-0.0001646447672437106,0.0010475479613775709,0.0013102309672948166,-0.0003206369576761945,-0.002553093689179933,0.009595199770226609,-0.007739958765345479,0.013342779706440436,0.01440192723881966,-0.02320185560737817
vulnerability_year_2024,0.3446663617835237,0.5989316820976208,-0.17102229157325485,0.04811481729821275,-0.010643087509749452,-0.05834697320101086,0.11064690802080622,-0.09645550262860837,0.036153779320152714,0.006649128121037531,0.002076249971985789,0.08196275486024829,-0.018455939664322664,-0.04072200802818023,-0.08975897244690843,0.08905642269228249,-0.004306896666694618,-0.04084396009979261,0.08238529999477875,0.055292262310857515,-0.04513566390338225,0.08622247906008211,0.004515478372876331,-0.015007766353245584,0.06541195403296113,0.04286443917873529,0.051024853013962035,-0.007821476925429163,0.0240061341662781,-0.029005266902880238,0.03783318358056813,-0.06294728329587991,0.00895734730949282,0.001619372451908699,-0.005531326719073923,0.024716642222129836,-0.01255306794103904,0.031836975305130744,-0.01906254615789611,0.0120087529249667,-0.06896482606399684,-0.023201855607380757,0.10677292048384734
