excluded_provider,n,recipients,providers,estimate,variance,se,z,p_normal,ci95_low,ci95_high,p_t_recipient,ci95_t_low,ci95_t_high,inference_valid
2,1865,43,6,0.6422381631118352,0.0686025384402345,0.2619208629342735,2.452031334644001,0.0142052291284807,0.1288827049610071,1.1555936212626632,0.0184440834291702,0.1136604620377601,1.1708158641859103,True
4,705,20,6,1.03930193290365,0.8609350049278207,0.9278658334736876,1.120099367181972,0.2626714202803504,-0.7792816831900167,2.857885548997317,0.2766310899547762,-0.902743575820392,2.981347441627692,True
5,1173,42,6,0.5592338250308008,0.0773105895733934,0.2780478188610611,2.011286502161869,0.0442952033907693,0.0142701140832041,1.104197535978397,0.0509004253491924,-0.0022951369009746,1.120762786962576,True
6,1867,43,7,0.642149875938485,0.0686326735932953,0.2619783838283138,2.4511559562842207,0.0142398241335734,0.1286816789069794,1.1556180729699903,0.018483232240912,0.1134560930006175,1.1708436588763529,True
50,1863,43,6,0.6421731813789475,0.0685995967712948,0.2619152473058696,2.4518358056070158,0.0142129500091539,0.1288287296575416,1.1555176331003534,0.0184528213844115,0.1136068131018042,1.1707395496560908,True
76,1865,43,6,0.6425810689412501,0.0684475581894026,0.261624842454616,2.4561164104770308,0.0140447653200466,0.129805800269237,1.1553563376132632,0.0182623821203259,0.1146007613808314,1.1705613765016687,True
576,1867,43,7,0.642149875938485,0.0686326735932953,0.2619783838283138,2.4511559562842207,0.0142398241335734,0.1286816789069794,1.1556180729699903,0.018483232240912,0.1134560930006175,1.1708436588763529,True
701,1800,42,6,0.6753497822533789,0.0727884664590968,0.2697933773447688,2.5032111199317906,0.0123072105355124,0.1465644793902074,1.2041350851165504,0.01638375483494,0.1304910031518682,1.2202085613548896,True
742,1712,42,6,0.5637495733409978,0.0601817620512049,0.2453197139473405,2.2980198544582127,0.0215606591332253,0.082931769306542,1.0445673773754536,0.0267348855749667,0.068316360167385,1.0591827865146106,True
