recipient,vuln_z,gdppc2014,lngdp2014,income2014_centered
AGO,-0.5003483458678859,3746.81619978931,8.228661744958945,0.4218822823776236
ALB,-1.8236980904592293,4045.11934884933,8.305266334335276,0.4984868717539541
ARG,0.15733657067448475,13456.1319159151,9.507190185666095,1.700410723084774
ARM,-1.3079548753496115,3393.09252326884,8.129497033280357,0.3227175706990355
AZE,-0.1706005300352629,5508.60265612676,8.61406626855578,0.8072868059744582
BDI,-0.41470564102139873,261.296721752002,5.565656626531303,-2.2411228360500184
BEN,-0.8130937574539108,1014.4330062135,6.92208512082466,-0.8846943417566617
BFA,1.1901546528418974,624.576885187665,6.437074436779726,-1.3697050258015953
BGD,-0.7085742637001797,1159.40753475981,7.055664407728581,-0.7511150548527405
BIH,-1.7948160867852825,4412.67617817734,8.392236627510174,0.5854571649288527
BLR,-1.5770996813118954,6212.91667418659,8.734385738447378,0.9276062758660562
BOL,-0.723941147454773,2900.90241571477,7.972777145401465,0.1659976828201435
BRA,-0.9058107657062595,9338.34278278114,9.141884083229511,1.33510462064819
BTN,-1.8707329811357212,2797.81883971908,7.936595406781572,0.12981594420025022
CHN,-0.05322403973987179,7686.37369520403,8.947204390187988,1.1404249276066665
CIV,-1.1560234012225004,1742.53693001178,7.463097336104087,-0.3436821264772343
CMR,-0.76384434259471,1381.81938454907,7.231156304432972,-0.5756231581483497
COD,-0.6898630402949777,481.830241883776,6.177591856753407,-1.629187605827914
COL,-1.2456740787999419,6121.83982019825,8.719617954543367,0.9128384919620451
CPV,-0.13563179557910746,3383.8422809791,8.12676711236428,0.31998764978295924
DZA,1.1923870520926414,4634.10149179952,8.441197606306115,0.634418143724794
ECU,-1.2563942129684187,6055.04172761485,8.708646547394471,0.9018670848131496
EGY,1.2821886804422609,3235.66246235519,8.08198896567844,0.275209503097118
ETH,-0.08541885600618887,556.362532243867,6.321420118177035,-1.4853593444042863
GEO,-2.1105251844630333,3960.35080091901,8.28408788641567,0.4773084238343479
GHA,-0.3629624272642679,1726.36930134647,7.453775812456562,-0.35300365012475954
GMB,1.3028935497931493,611.879472952196,6.416535323496578,-1.3902441390847438
GTM,-0.7920639761483009,3809.61584332802,8.24528363451438,0.438504171933058
HTI,0.54269428226332,1411.76834802154,7.25259834511913,-0.5541811174621918
IDN,-1.2062659333143675,3170.72103011429,8.061714295302249,0.2549348327209273
IND,0.6123084669254503,1484.31640682961,7.302709613150179,-0.5040698494311426
IRQ,1.9396562924618463,4446.97343234862,8.399979016206505,0.5931995536251833
JAM,1.788903496991532,5307.19165380801,8.576818095574732,0.7700386329934101
JOR,1.1573720031186316,4703.39944986815,8.456040813458008,0.6492613508766869
KAZ,0.839083859400166,10226.7100539683,9.232758209369432,1.425978746788111
KEN,0.7739372519643912,1450.59338202277,7.279727980684498,-0.527051481896823
KHM,-0.6729459810123017,1464.53115866927,7.289290442019109,-0.5174890205622127
LAO,-0.9363885071598493,2006.31195444447,7.604053467121512,-0.20272599545980974
LBN,0.5149244249864199,7830.4151113336,8.965770803075566,1.1589913404942447
LKA,-0.41190388452014837,3929.92061307909,8.27637450442495,0.469595041843629
LSO,-0.5536131906743212,1100.04993684215,7.0031108548852705,-0.8036686076960509
MAR,0.812070206483934,3051.458984375,8.02337511075871,0.21659564817738897
MDA,0.3320038607967838,2737.80185056647,7.914910633093125,0.10813117051180399
MDG,1.20873015657332,443.343869908205,6.094345698975503,-1.7124337636058184
MDV,2.022411293994061,9612.07861806739,9.170775775980983,1.363996313399662
MEX,0.792552804796585,9862.4812534745,9.196493064363933,1.3897136017826117
MLI,1.451481053386468,813.97566128646,6.701930465416038,-1.1048489971652833
MMR,0.08646829931572278,1099.24387750099,7.002377838339691,-0.8044016242416303
MNE,-1.9883431313332003,6272.08821761355,8.743864627239612,0.9370851646582903
MNG,0.765294999369486,3830.35892049593,8.25071379070713,0.4439343281258079
MOZ,0.43447430893001154,585.266716133984,6.372067668344984,-1.4347117942363372
MWI,-0.4902499374492697,539.562601918057,6.290758814885902,-1.5160206476954192
NER,1.7395620456918979,482.74524741946,6.179489076453245,-1.6272903861280765
NGA,0.06391395860649918,2583.61556958171,7.856945080452944,0.05016561787162299
NIC,-0.30222892028793513,2006.64869646533,7.604221294344823,-0.2025581682364983
NPL,-0.30705909823880273,846.665541773599,6.741305742729731,-1.0654737198515907
PAK,1.2582543320140778,1343.30778121043,7.2028903446602675,-0.6038891179210539
PER,-0.35563781226629215,6103.91864749969,8.716686245139517,0.9099067825581955
PHL,0.36846296041504856,2776.92005909479,7.929097700106277,0.12231823752495519
PNG,-1.4761949378617851,2391.3578028163,7.779616601940612,-0.027162860640709496
PRY,-0.7628780984496558,5794.4764468976,8.66466040603197,0.8578809434506489
RWA,-0.260387530760085,682.709499066795,6.526069438296669,-1.2807100242846525
SDN,1.9206357360537227,1307.3896484375,7.175787793476717,-0.6309916691046045
SEN,1.1492768380895053,1180.7987108505,7.073946362086212,-0.7328331004951094
SLE,-0.7026589018201437,1032.23789355905,6.939484436491127,-0.8672950260901944
SLV,-0.23748281216405295,3713.94992016222,8.219851257751255,0.41307179516993386
SRB,-1.5414035191617055,5716.54047153506,8.651119088732186,0.8443396261508642
SWZ,-0.24047960695860807,3381.79292071291,8.126161297753303,0.31938183517198127
TGO,-0.3213495037358464,786.587399651446,6.667703841119657,-1.1390756214616644
THA,-0.6138910794894376,5541.46599361845,8.620014364522413,0.813234901941092
TJK,-0.8462206674606613,925.970961482804,6.830842875064628,-0.975936587516693
TLS,0.9395128587132698,1312.96494079465,7.180043172342836,-0.626736290238485
TUN,1.179152664122417,4021.59954703591,8.299434999745554,0.49265553716423227
TUR,-0.26134070990176517,10597.9801881716,9.268418713657828,1.461639251076507
TZA,-0.3079484474621507,913.811218261719,6.817624005549459,-0.9891554570318624
UGA,-0.149440463542158,845.978664791099,6.74049414036517,-1.0662853222161512
UKR,-1.190746561079995,2308.6435546875,7.744415425280027,-0.06236403730129414
UZB,0.5560890983237232,2990.56339751192,8.003217075896057,0.19643761331473542
VCT,0.16567161298057845,7116.22071347207,8.870132064812884,1.0633526022315625
VNM,-0.7022398378805684,2439.28655744423,7.799460881041575,-0.007318581539746738
VUT,0.9325117339527417,3175.63375342175,8.06326249878482,0.2564830362034982
ZAF,0.6802071089140719,6155.00589462516,8.725020996315116,0.918241533733795
ZMB,-0.2601879610801414,1299.01241762504,7.169359575997534,-0.6374198865837872
ZWE,0.6995176873135016,1381.25404125871,7.230747091059944,-0.5760323715213778
AFG,0.9614566250134985,575.146245808546,6.354624348994881,-1.4521551135864401
COG,-0.913292753941571,2488.68118548992,7.8195082047660645,0.01272874218474307
GIN,-0.5213212346676632,738.272274481308,6.604312692171993,-1.2024667704093286
HND,-0.32092791855812314,2229.24772232218,7.709419463290649,-0.0973599992906724
LBR,-1.1593563318836158,707.157694930142,6.561253689016782,-1.2455257735645393
MRT,1.7471447997383918,1524.45340969502,7.329391204921639,-0.4773882576596824
SUR,-1.0794466899044537,9224.24378410547,9.129590490925912,1.3228110283445904
BWA,1.199349907944851,6547.12254115892,8.786780925412547,0.9800014628312255
COM,-0.12915345441543635,1342.3295858321,7.202161880398047,-0.6046175821832742
DJI,1.60887258317198,2253.14082249768,7.72008044291642,-0.08669901966490112
DOM,-0.15912537763653234,6430.27811051339,8.76877306832018,0.9619936057388578
FJI,1.1057251772890833,4883.24299340799,8.493564825962569,0.6867853633812473
GAB,-0.9146584955816918,6998.60545439576,8.853466187389746,1.0466867248084242
GNB,-0.35178723826749886,623.610159103365,6.435525428108276,-1.3712540344730453
GRD,0.7662795005024442,8206.62862112333,9.012697475128231,1.2059180125469098
GUY,-0.8245629224752636,5635.71704117947,8.63687966614777,0.8301002035664489
KGZ,0.07201727066498764,1088.58214229508,6.992631341580301,-0.8141481210010202
LCA,-0.25821199561406294,10369.9382566513,9.246666347170294,1.4398868845889723
MUS,1.5966469919736515,9297.64820128968,9.137516765579655,1.3307373029983331
STP,-1.0134474947053411,1301.32146445028,7.171135538267656,-0.6356439243136656
WSM,0.6030691314247789,3967.23730470679,8.285825238414336,0.4790457758330149
SLB,0.2949351688191961,2085.16067273086,7.642601192525639,-0.16417827005568242
TON,1.3964021392180999,4058.81584447473,8.308646546131104,0.5018670835497829
YEM,1.3634886063389975,1950.1625450589,7.575668004524299,-0.23111145805702282
BLZ,0.4402963591855456,6116.49578852783,8.718744627943913,0.9119651653625915
