recipient,pvcci,pvcci_z
AGO,50.2372370938551,-0.5003483458678859
ALB,41.6961310968386,-1.8236980904592293
ARG,54.4820382945853,0.15733657067448475
ARM,45.0248183811314,-1.3079548753496115
AZE,52.3654810133647,-0.1706005300352629
BDI,50.7899884907966,-0.41470564102139873
BEN,48.2187293476193,-0.8130937574539108
BFA,61.1480075528869,1.1901546528418974
BGD,48.8933144892674,-0.7085742637001797
BIH,41.8825400607528,-1.7948160867852825
BLR,43.2877157552642,-1.5770996813118954
BOL,48.7941342207645,-0.723941147454773
BRA,47.620319291286,-0.9058107657062595
BTN,41.3925605642051,-1.8707329811357212
CHN,53.1230472193266,-0.05322403973987179
CIV,46.005407851229,-1.1560234012225004
CMR,48.5365927653006,-0.76384434259471
COD,49.0140796483577,-0.6898630402949777
COL,45.4267883721209,-1.2456740787999419
CPV,52.5911746886703,-0.13563179557910746
DZA,61.1624158064164,1.1923870520926414
ECU,45.3575989514032,-1.2563942129684187
EGY,61.742009545391,1.2821886804422609
ETH,52.9152568453843,-0.08541885600618887
GEO,39.8449042214677,-2.1105251844630333
GHA,51.1239472761685,-0.3629624272642679
GMB,61.8756420068798,1.3028935497931493
GTM,48.3544588416245,-0.7920639761483009
HTI,56.9691971691762,0.54269428226332
IDN,45.6811346997745,-1.2062659333143675
IND,57.4184979927304,0.6123084669254503
IRQ,65.9854082287819,1.9396562924618463
JAM,65.0124261348789,1.788903496991532
JOR,60.9364232099769,1.1573720031186316
KAZ,58.8821418046236,0.839083859400166
KEN,58.4616754224528,0.7739372519643912
KHM,49.123264991901,-0.6729459810123017
LAO,47.4229657708188,-0.9363885071598493
LBN,56.7899661718579,0.5149244249864199
LKA,50.8080714649709,-0.41190388452014837
LSO,49.8934574639683,-0.5536131906743212
MAR,58.70779146839,0.812070206483934
MDA,55.6093682731065,0.3320038607967838
MDG,61.2678967559993,1.20873015657332
MDV,66.5195219373905,2.022411293994061
MEX,58.5818231087184,0.792552804796585
MLI,62.8346489687276,1.451481053386468
MMR,54.0246433995665,0.08646829931572278
MNE,40.6334862807307,-1.9883431313332003
MNG,58.405896974036,0.765294999369486
MOZ,56.2707285541998,0.43447430893001154
MWI,50.3024137994517,-0.4902499374492697
NER,64.6939686996323,1.7395620456918979
NGA,53.8790741609902,0.06391395860649918
NIC,51.5159308185204,-0.30222892028793513
NPL,51.4847560954123,-0.30705909823880273
PAK,61.5875335213995,1.2582543320140778
PER,51.1712214856817,-0.35563781226629215
PHL,55.8446809980064,0.36846296041504856
PNG,43.9389707337244,-1.4761949378617851
PRY,48.542829055968,-0.7628780984496558
RWA,51.7859816833658,-0.260387530760085
SDN,65.862646586164,1.9206357360537227
SEN,60.8841757501805,1.1492768380895053
SLE,48.9314931589914,-0.7026589018201437
SLV,51.9338123155627,-0.23748281216405295
SRB,43.5181043625523,-1.5414035191617055
SWZ,51.9144705337728,-0.24047960695860807
TGO,51.3925235857606,-0.3213495037358464
THA,49.5044145524096,-0.6138910794894376
TJK,48.0049230950563,-0.8462206674606613
TLS,59.5303262560986,0.9395128587132698
TUN,61.0769989988632,1.179152664122417
TUR,51.7798297162713,-0.26134070990176517
TZA,51.4790160965828,-0.3079484474621507
UGA,52.5020513883243,-0.149440463542158
UKR,45.781299152749,-1.190746561079995
UZB,57.0556494046869,0.5560890983237232
VCT,54.535833959803,0.16567161298057845
VNM,48.9341978631273,-0.7022398378805684
VUT,59.4851399031164,0.9325117339527417
ZAF,57.8567264358525,0.6802071089140719
ZMB,51.7872697372587,-0.2601879610801414
ZWE,57.9813599257121,0.6995176873135016
AFG,59.6719547520499,0.9614566250134985
COG,47.5720293703128,-0.913292753941571
GIN,50.1018747929708,-0.5213212346676632
HND,51.3952445623614,-0.32092791855812314
LBR,45.9838965960422,-1.1593563318836158
MRT,64.7429089788934,1.7471447997383918
SUR,46.4996459095681,-1.0794466899044537
BWA,61.2073551658856,1.199349907944851
COM,52.6329869146445,-0.12915345441543635
DJI,63.8504784910628,1.60887258317198
DOM,52.4395434396961,-0.15912537763653234
FJI,60.6030865273482,1.1057251772890833
GAB,47.5632146603992,-0.9146584955816918
GNB,51.1960736918407,-0.35178723826749886
GRD,58.4122510981556,0.7662795005024442
GUY,48.1447055647569,-0.8245629224752636
KGZ,53.9313742029869,0.07201727066498764
LCA,51.8000229270796,-0.25821199561406294
MUS,63.7715726154786,1.5966469919736515
STP,46.9256150263623,-1.0134474947053411
WSM,57.3588658779582,0.6030691314247789
SLB,55.3701211438836,0.2949351688191961
TON,62.4791610517689,1.3964021392180999
YEM,62.2667319685234,1.3634886063389975
BLZ,56.3083049761213,0.4402963591855456
