estimate,variance,se,z,p_normal,ci95_low,ci95_high,p_t_recipient,ci95_t_low,ci95_t_high,inference_valid,vuln_z,percent_change_10pp,percent_ci95_low,percent_ci95_high
-0.5224362045714065,0.06801227353282394,0.26079162857120997,-2.0032706089288967,0.045148250404261264,-1.033578404040525,-0.011294005102287952,0.0476528797481901,-1.0393704553938967,-0.005501953748916266,True,-2.1105251844630333,-40.692606287111275,-64.4268271572349,-1.1230467250559741
-0.5165080534953087,0.0668204090796502,0.25849643920110427,-1.9981244426097389,0.04570317041490905,-1.0231517644613208,-0.009864342529296577,0.04821657279094874,-1.0288928408092057,-0.004123266181411789,True,-2.082972274606653,-40.33997891578356,-64.05397810180057,-0.9815849484184757
-0.5105799024192108,0.06564039346999835,0.25620381236429396,-1.9928661392954672,0.046276107003292946,-1.0127301473550847,-0.008429657483336905,0.04879840562326486,-1.0184203056100625,-0.0027394992283590325,True,-2.055419364750272,-39.985254907675426,-63.67740357563366,-0.8394227544670827
-0.5046517513431129,0.06447222670386846,0.25391381747330816,-1.9874922773596704,0.04686787086145449,-1.0023136887678739,-0.00698981391835185,0.04939918913636493,-1.0079529873841424,-0.0013505153020832994,True,-2.0278664548938914,-39.628421796693345,-63.29707334605197,-0.6965441987194143
-0.4987236002670151,0.06331590878126048,0.25162652638634997,-1.9819993044027073,0.04747931850115531,-0.9919025295391787,-0.005544670994851564,0.050019779829081616,-0.9974910285668701,4.382803283986547e-05,True,-2.000313545037511,-39.26946704262344,-62.91295725520043,-0.5529327677611093
-0.4927954491909173,0.06217143970217441,0.24934201351191182,-1.9763835313994325,0.048111355333548524,-0.9814968155069639,-0.004094082874870619,0.050661082862482484,-0.9870345766487858,0.0014436782669512982,True,-1.9727606351811302,-38.90837803069074,-62.525025239686336,-0.40857135430524993
-0.48686729811481944,0.06103881946661027,0.24706035591856956,-1.9706411265564987,0.04876493898625908,-0.971096697722863,-0.0026378985067759264,0.0513240553494288,-0.9765837843931773,0.0028491881635384075,True,-1.9452077253247495,-38.545142071115905,-62.133247351429645,-0.2634422309799974
-0.48093914703872154,0.059918048074568055,0.24478163345024082,-1.9647681088642086,0.04944108287830312,-0.9607023326780786,-0.0011759613993645446,0.05200970989925477,-0.9661388100645405,0.00426051598709748,True,-1.9176548154683688,-38.17974639866923,-61.73759377980016,-0.11752702277150885
-0.47501099596262375,0.058809125526047765,0.24250592884720934,-1.9587603413271766,0.050140860075189045,-0.950313882540587,0.00029189061533951843,0.052719118439652234,-0.9556998176684725,0.005677825743224951,True,-1.8901019056119883,-37.812178172222076,-61.33803487511853,0.029193321955033567
-0.4690828448865259,0.05771205182104939,0.24023332787323534,-1.9526135238573072,0.0508654074486574,-0.9399315154042696,0.0017658256312176879,0.053453416339931295,-0.9452669772036241,0.007101287430572256,True,-1.8625489957556076,-37.44242447429555,-60.934541173602284,0.17673856193848497
-0.46315469381042806,0.05662682695957294,0.2379639194490899,-1.946323185811854,0.05161593016783201,-0.9295554055506348,0.003246017929778633,0.054213806862119206,-0.93484046492639,0.008531077305533818,True,-1.834996085899227,-37.070472310606554,-60.52708342384351,0.32512919509573346
-0.45722654273433017,0.05555345094161841,0.23569779579287206,-1.9398846781585284,0.05239370655111354,-0.9191857337238356,0.004732648255175331,0.05500156596888895,-0.9244204636290407,0.009967378160380347,True,-1.8074431760428462,-36.69630860961116,-60.11563261491012,0.47438649227955937
-0.4512983916582324,0.05449192376718581,0.23343505256748784,-1.9332931652488592,0.05320009331095682,-0.9088226874197228,0.006225904103258073,0.055818047520087635,-0.9140071629320521,0.01141037961558733,True,-1.7798902661864657,-36.31992022204521,-59.70016000616839,0.6245325328184334
-0.44537024058213454,0.053442245436275126,0.23117578903569277,-1.9265436161801999,0.054036531226771385,-0.898466461189722,0.007725980025452828,0.056664688892698996,-0.9036007595914259,0.012860278427156813,True,-1.752337356330085,-35.94129392046219,-59.28063715893056,0.7755902419429902
-0.43944208950603664,0.05240441594888637,0.22892010822312306,-1.919630795726004,0.054904551284595385,-0.8881172569603693,0.009233077948296031,0.0575430170624495,-0.8932014578218463,0.014317278809773015,True,-1.7247844464737043,-35.56041639876842,-58.85703597003804,0.9275834302100133
-0.43351393842993885,0.05137843530501953,0.22666811708976525,-1.9125492548131875,0.05580578132595164,-0.8777752843693867,0.010747407509508977,0.0584546551889859,-0.8828094696365625,0.01578159277668484,True,-1.6972315366173238,-35.1772742717554,-58.429328707497504,1.0805368350420606
-0.427585787353841,0.050364303504674614,0.22441992671034053,-1.9052933205246398,0.05674195325243339,-0.867440761119227,0.012269186411544897,0.059401329750649316,-0.8724250152049415,0.017253440497259465,True,-1.6696786267609431,-34.791854074629455,-57.99748804829429,1.2344761645081144
-0.4216576362777431,0.049362020547851625,0.22217565246410692,-1.897857085604207,0.05771491083712765,-0.8571139133490804,0.013798640793594164,0.06038487827938567,-0.8620483232286889,0.01873305067320269,True,-1.6421257169045624,-34.40414226253847,-57.561487118516084,1.389428143478304
-0.4157294852016453,0.048371586434550556,0.2199354142346124,-1.8902343974407545,0.05872661819900761,-0.8467949760263835,0.015336005623092952,0.061407257751308675,-0.8516796313377948,0.020220660934504198,True,-1.614572807048182,-34.01412521009598,-57.12129953592747,1.5454205622943766
-0.4098013341255475,0.04739300116477141,0.21769933661996171,-1.8824188465072758,0.059779169001958926,-0.8364841933589342,0.01688152510783919,0.062470553693912106,-0.8413191865073184,0.02171651825622345,True,-1.5870198971918013,-33.62178921090223,-56.67689945514493,1.7024823281062973
-0.4038731830494496,0.04642626473851418,0.21546754915419208,-1.8744037542304404,0.06087479644619583,-0.8261818192287799,0.018435453129880708,0.06357699007696785,-0.8309672454961934,0.023220879397294225,True,-1.5594669873354206,-33.22712047706256,-56.22826161557144,1.8606435190345323
-0.3979450319733518,0.04547137715577888,0.21324018654038662,-1.866182160265476,0.06201588412653005,-0.8158881176491124,0.019998053702408758,0.06472894006079494,-0.8206240753092995,0.024734011362595842,True,-1.53191407747904,-32.830105138702855,-55.775361392259725,2.019935441327743
-0.39201688089725395,0.0445283384165655,0.21101738889618907,-1.8577468091509197,0.06320497783933668,-0.8056033632454669,0.02156960145095893,0.06592893768290779,-0.8102899536841143,0.026256191889606373,True,-1.5043611676226594,-32.43072924348204,-55.31817484988311,2.180390689696095
-0.38608872982115605,0.043597148520874034,0.2087993020124206,-1.8490901363175496,0.06444479842817333,-0.7953278417626021,0.02315038212028997,0.06717969057210432,-0.7999651696033379,0.027787709961025808,True,-1.4768082577662787,-32.02897875610186,-54.85667880000491,2.3420432110111298
-0.38016057874505826,0.04267780746870451,0.20658607762553727,-1.8402042534257617,0.06573825576692888,-0.7850618505985072,0.024740693108390666,0.06848409378791236,-0.78965002383495,0.029328866344833393,True,-1.4492553479098982,-31.624839557813555,-54.39085086184829,2.5049283715753443
-0.3742324276689604,0.041770315260056895,0.20437787370470634,-1.8310809330058253,0.06708846398917104,-0.7748056993670606,0.02634084402913972,0.06984524489304561,-0.7793448295012448,0.030879974163323998,True,-1.4217024380535175,-31.218297445921717,-53.92066952678112,2.669083028176624
-0.3683042765928626,0.0408746718949312,0.202174854754322,-1.8217115923759017,0.06849875808309937,-0.7645597104909503,0.02795115730522507,0.07126646037719628,-0.7690499126784708,0.032441359492745625,True,-1.3941495281971368,-30.809338133285152,-53.44611422674333,2.8345456031557936
-0.36237612551676474,0.03999087737332744,0.19997719213282159,-1.81208727681345,0.06997271198327848,-0.7543242198265416,0.029571968793012215,0.07275129356220385,-0.7587656130287783,0.03401336199524879,True,-1.3665966183407563,-30.3979472478148,-52.967165406858086,3.001356163729165
-0.3564479744406669,0.039118931695245586,0.19778506438870855,-1.8021986419567904,0.07151415830319198,-0.7440995773224712,0.031203628441137443,0.07430355413145426,-0.7484922844662764,0.03559633558494257,True,-1.3390437084843756,-29.984110331968637,-52.4838046024819,3.1695565058223627
-0.35051982336456905,0.03825883486068566,0.19559865761473327,-1.7920359354151647,0.07312720986671027,-0.7338861477138274,0.032846500984689386,0.07592732944037003,-0.7382302958590803,0.037190649129942244,True,-1.311490798627995,-29.567812842243622,-51.99601452096447,3.339190242686706
-0.3445916722884712,0.03741058686964767,0.193418165821227,-1.7815889775677596,0.07481628321186734,-0.7236843112538722,0.034500966676929756,0.07762700778012585,-0.7279800317693244,0.038796687192381885,True,-1.2839378887716144,-29.14904014866455,-51.50377912840427,3.5103028985848743
-0.33866352121237336,0.036574187722131585,0.19124379132963137,-1.7708471415348934,0.07658612425697667,-0.7134944644853443,0.03616742206059759,0.07940730378333861,-0.7177418932332049,0.040414850808458136,True,-1.2563849789152337,-28.72777753426995,-51.00708374170209,3.682942007849218
-0.3327353701362755,0.03574963741813743,0.18907574518731224,-1.7597993323080312,0.0784418363371306,-0.70331702105348,0.03784628078092894,0.0812732861785059,-0.7075162985832144,0.04204555831066337,True,-1.228832069058853,-28.304010194594852,-50.50591512623209,3.8571572196327018
-0.3295759225738462,0.035315028096311325,0.18792293126787726,-1.7537823636012138,0.07946780617470894,-0.6978980997280817,0.03874625458038922,0.08230464119084563,-0.7020717738384931,0.042919928690800635,True,-1.2141475624114824,-28.077132258623983,-50.23698257014042,3.9506680123368865
-0.3268072190601777,0.0349369359576652,0.18691424760479122,-1.7484339650296437,0.08038891083857416,-0.6931524125629706,0.0395379744426152,0.08323040811944282,-0.6973036843148097,0.0436892461944543,True,-1.2012791592024725,-27.87772323715056,-50.000261599466924,4.033000408690027
-0.32087906798407984,0.03413608334071488,0.18475952841657417,-1.736738942419247,0.08243326067933944,-0.6830010894811699,0.041242953513010217,0.08528454033693432,-0.6871045059998536,0.04534637003169395,True,-1.1737262493460918,-27.448901680901216,-49.49011314091152,4.210525792544371
-0.314950916907982,0.03334707956728649,0.18261182756679945,-1.7247016313484562,0.08458125690686286,-0.6728635220899475,0.042961688273983556,0.08744200738227546,-0.6769192392492549,0.04701740543329086,True,-1.1461733394897111,-27.017530455737393,-48.97546150871881,4.389790055413704
-0.30902276583188415,0.03256992463738003,0.18047139562096823,-1.7123088385757463,0.08683976870702494,-0.6627402014886614,0.044694669824893174,0.08970962725626191,-0.6667483807273056,0.04870284906353728,True,-1.1186204296333306,-26.58359440194643,-48.456300363378595,4.5708524792888685
-0.3030946147557863,0.031804618550995485,0.1783384943050588,-1.699546785661006,0.08921620714404886,-0.652631640650803,0.04644241113923048,0.0920947547424416,-0.6565924492202999,0.0504032197087273,True,-1.09106751977695,-26.147078269679696,-47.93262539889036,4.753775082574997
-0.29716646367968846,0.03105116130813286,0.17621339707335779,-1.6864010830911897,0.09171857297675953,-0.6425383755369255,0.04820544817754857,0.09460532878984382,-0.6464519867620737,0.05211905940269673,True,-1.0635146099205692,-25.707966718416664,-47.404434481848774,4.938622766725858
-0.2912383126035906,0.030309552908792163,0.17409638970636973,-1.672856703661644,0.09435550892356885,-0.632460966266525,0.04998434105934385,0.0972499243177187,-0.636327559819165,0.05385093461198376,True,-1.0359617000641888,-25.26624431642579,-46.871727798889694,5.12546347131988
-0.2853101615274928,0.029579793352973383,0.17198777094018453,-1.6588979551733394,0.09713635677576912,-0.6223999983515789,0.051779675296593386,0.10003780884262506,-0.6262197605383297,0.05559943748334423,True,-1.008408790207808,-24.82189554022221,-46.33450801296198,5.314368338043834
-0.27938201045139494,0.028861882640676528,0.16988785312869348,-1.644508452524604,0.10007121978570829,-0.6123560839944645,0.053592063091674635,0.10297900435595125,-0.6161292080591688,0.05736518715637895,True,-0.9808558803514273,-24.37490477402217,-45.792780428907506,5.505411884067787
-0.2734538593752971,0.0281558207719016,0.16779696294004132,-1.6296710892974269,0.1031710307823627,-0.6023298634529802,0.055422144702386045,0.10608435490684899,-0.6060565498946163,0.05914883114402214,True,-0.9533029704950469,-23.92525630919427,-45.24655316884758,5.6986721853101185
-0.26752570829919925,0.02746160774664859,0.16571544208868583,-1.6143680089633874,0.10644762649065058,-0.5923220064751564,0.05727058987675798,0.10936560037057544,-0.5960024633820096,0.06095104678361102,True,-0.9257500606386662,-23.47293434370739,-44.69583735788797,5.894231070105721
-0.2615975572231014,0.0267792435649175,0.16364364810440246,-1.5985805758632663,0.10991382855110453,-0.5823332138064765,0.0591380993602737,0.1128354569039878,-0.5859676572073887,0.06277254276118593,True,-0.8981971507822855,-23.017922981575367,-44.140647320665636,6.092174323801719
-0.2556694061470036,0.026108728226708337,0.16158195513951532,-1.582289346147904,0.11358353175141254,-0.5723642187720204,0.06102540647801308,0.1165077046066184,-0.5759528730055696,0.06461406071156234,True,-0.870644240925905,-22.560206232298377,-43.581000789269694,6.292591904813643
-0.24974125507090575,0.025450061732021093,0.15953075481555615,-1.5654740389064654,0.11747179998845925,-0.5624157889358856,0.0629332787940741,0.12039728291506863,-0.5659588870383676,0.06647637689655608,True,-0.8430913310695243,-22.099768010300934,-43.01691912307272,6.495578172679606
-0.24381310399480788,0.024803244080855772,0.15749045711044138,-1.5481135077526131,0.12159497047584072,-0.552488727840023,0.06486251985040731,0.12452039425741324,-0.5559865119531376,0.06836030396352188,True,-0.8155384212131436,-21.63659213436665,-42.44842754100879,6.701232128649407
-0.23788495291871006,0.024168275273212376,0.15546149128711065,-1.5301857131897536,0.1259707666935824,-0.5425838768243344,0.06681397098691425,0.12889461647918402,-0.546036598623496,0.07026669278607586,True,-0.7879855113567631,-21.170662327069554,-41.875555366828046,6.909657669339506
-0.23195680184261222,0.0235451553090909,0.15344430686438287,-1.5116676961343392,0.13061842053918066,-0.5327021169295149,0.06878851324429039,0.13353902451856745,-0.5361100380737258,0.07219643438850135,True,-0.7604326015003824,-20.701962214202027,-41.2983362878438,7.120963853970958
-0.22602865076651435,0.022933884188491346,0.1514393746305476,-1.4925355530418374,0.1355588040762202,-0.5228443708836564,0.07078706935062773,0.13847432174986327,-0.5262077634878908,0.07415046195486202,True,-0.7328796916440017,-20.230475324199396,-40.71680862766616,7.335265185684932
-0.2241054767485856,0.022738124877269252,0.15079166050305717,-1.4861927775113404,0.13722813739178905,-0.5196517005035686,0.07144074700639741,0.1401415798654061,-0.5230007077016866,0.07478975420451539,True,-0.723941147454773,-20.076917034593166,-40.527234475674376,7.405450787093466
-0.22010049969041653,0.02233446191141372,0.1494471876999153,-1.4727644131542348,0.1408145711813895,-0.5130116051730479,0.0728106057922148,0.1437229813237676,-0.5163307523041013,0.07612975292326826,True,-0.7053267817876212,-19.756185087561068,-40.131015633382454,7.552681907397265
-0.2141723486143187,0.02174688847785801,0.1474682626121906,-1.4523284184716092,0.14641030925384388,-0.5032048321969068,0.07486013496826946,0.14930939770178744,-0.5064800283936631,0.07813533116502577,True,-0.6777738719312405,-19.27907483626821,-39.541005777599445,7.773340312608197
-0.20824419753822082,0.02117116388782422,0.145503140474095,-1.4312007071441601,0.1523727009617626,-0.4934251125049192,0.07693671742847757,0.15526004839929552,-0.4966566643239712,0.08016826924752957,True,-0.6502209620748598,-18.799127803198004,-38.946833075701605,7.997373071522168
-0.202316046462123,0.020607288141312363,0.1435523881421426,-1.409353401085838,0.15873069574670717,-0.48367355711543725,0.07904146419119121,0.16160366570442072,-0.4868617837029766,0.08222969077873063,True,-0.6226680522184793,-18.316327121534382,-38.348557418601544,8.224919572755152
-0.19638789538602516,0.02005526123832242,0.14161659944484764,-1.3867575987270342,0.16551569047165937,-0.47395132991096156,0.0811755391389112,0.1683714178126925,-0.47709656360181396,0.08432077282976361,True,-0.5951151423620986,-17.830655824175278,-37.74624492116011,8.456126280807826
-0.1904597443099273,0.019515083178854396,0.13969639644190682,-1.3633833739521732,0.17276171816541408,-0.464259650106094,0.0833401614862394,0.17559709839191806,-0.4673622370507189,0.0864427484308643,True,-0.5675622325057179,-17.342096843136353,-37.13996828633148,8.691147109361104
-0.1845315932338295,0.018986753962908304,0.13779243071703287,-1.339199782408796,0.1805056432635075,-0.4545997947814446,0.08553660831378557,0.18331732304704582,-0.45766009560164916,0.08859690913399015,True,-0.5400093226493374,-16.850633008951196,-36.529807184938754,8.930143810300391
-0.17860344215773163,0.01847027359048413,0.13590538470010718,-1.3141748765278376,0.18878736105040583,-0.4449731014750026,0.08776621715953933,0.19157173046660214,-0.44799149194901977,0.09078460763355647,True,-0.5124564127929567,-16.356247050067882,-35.915848650804335,9.173286378194192
-0.17267529108163376,0.017965642061581875,0.13403597301315,-1.2882757307599275,0.1976499981428662,-0.4353809708201904,0.09003038865692287,0.20040318517362718,-0.4383578425976498,0.09300726043438229,True,-0.484903502936576,-15.858921592242051,-35.298187490742926,9.420753469735564
-0.16674714000553598,0.01747285937620155,0.1321849438332579,-1.261468478708709,0.20714010979162234,-0.4258248692171714,0.09233058920609943,0.20985797774535264,-0.42876063056434105,0.0952663505532691,True,-0.45735059308019554,-15.35863915792631,-34.67692670866685,9.672732837397636
-0.1608189889294381,0.01699192553434314,0.13035308026411627,-1.233718364027862,0.21730786848786998,-0.41630633152096486,0.09466835366208867,0.21998601707599205,-0.4192014080964531,0.09756343023757694,True,-0.42979768322381484,-14.855382165655975,-34.05217794275105,9.929421776251395
-0.15489083785334026,0.016522840536006656,0.12854120170593808,-1.20498980714123,0.2282072368126854,-0.4068269637264774,0.09704528801979692,0.2308410077046538,-0.4096817993873607,0.09990012368068016,True,-0.40224477336743414,-14.34913292943128,-33.42406191425122,10.191027582540208
-0.14896268677724245,0.016065604381192096,0.12675016521169546,-1.175246490041635,0.23989611563436486,-0.3973884456266672,0.09946307207218233,0.2424806033864464,-0.4002035032647387,0.1022781297102538,True,-0.37469186351105366,-13.839873658095774,-32.79270888615844,10.457768022195877
-0.14303453570114458,0.015620217069899456,0.1249808668152828,-1.1444514616188768,0.25243645661953573,-0.38799253341569606,0.1019234620134069,0.2549665259258531,-0.39076829582321276,0.10469922442092361,True,-0.34713895365467295,-13.327586454711108,-32.15825912940314,10.729871807009939
-0.13710638462504673,0.015186678602128738,0.12323424281476614,-1.1125672661545205,0.26589432556856674,-0.3786410622040523,0.10442829295395883,0.268364635804515,-0.38137803296798195,0.10716526371788848,True,-0.31958604379829225,-12.812253315928086,-31.520863393783305,11.0075790756362
-0.13117823354894892,0.014764988977879947,0.12151127099113047,-1.079556097792147,0.2803399003215632,-0.36933594840725126,0.10697948130935345,0.2827449383250219,-0.3720346528305871,0.10967818573268931,True,-0.29203313394191177,-12.293856131353964,-30.880683380183772,11.291141875992833
-0.12525008247285105,0.014355148197153073,0.1198129717399292,-1.0453799839363291,0.29584738394134724,-0.3600791919638276,0.1095790270181255,0.29818150588844783,-0.36274017801203673,0.11224001306633466,True,-0.26448022408553107,-11.772376682915993,-30.237892209971207,11.580824644949464
-0.1193219313967532,0.013957156259948122,0.11814040908998125,-1.0100010006387574,0.3124948106345259,-0.35087287833194486,0.11222901553843845,0.31475229369365265,-0.35349671760204116,0.11485285480853477,True,-0.23692731422915037,-11.247796644221197,-29.592674886690418,11.876904680426204
-0.11339378032065539,0.013571013166265097,0.11649469157976726,-0.9733815230800574,0.33036371854109725,-0.3417191802071007,0.11493161956578993,0.33253882270887275,-0.344306468916182,0.11751890827487121,True,-0.20937440437276988,-10.720097579912302,-28.945228744352487,12.179672600196357
-0.10746562924455753,0.013196718916103991,0.11487697295848281,-0.9354845142324234,0.34953866029201863,-0.33262035889616554,0.11768910040705048,0.3516257004052914,-0.33517171888552094,0.12024046039640589,True,-0.18182149451638918,-10.189260945019877,-28.29576387569583,12.489432780774997
-0.10505138069475364,0.013047682330616971,0.11422645197421205,-0.919676474924304,0.35774184972963363,-0.3289311126460034,0.11882835125649613,0.35979142491583205,-0.3314680248903603,0.12136526350085303,True,-0.1706005300352629,-9.972173552481149,-28.030740724211828,12.617659489949121
-0.10153747816845968,0.012834273509464807,0.1132884526748636,-0.8962738546696453,0.37010651936896277,-0.3235787652754627,0.12050380893854332,0.3720999467261328,-0.32609484502553665,0.12301988868861727,True,-0.15426858466000848,-9.655268084310602,-27.644503532823762,12.806503768798269
-0.09560932709236186,0.012483676946347548,0.1117303761129781,-0.8557147162530343,0.3921555981643564,-0.31459684025291335,0.1233781860681896,0.3940500904620478,-0.3170783159035061,0.1258596617187824,True,-0.126715674803628,-9.118100231631676,-26.99168449158627,13.131218656262394
-0.08968117601626396,0.012144929226752206,0.11020403453028481,-0.8137739820371003,0.4157744427063921,-0.3056771146466307,0.12631476261410277,0.4175650000980373,-0.3081246910157236,0.1287623389831957,True,-0.09916276494724707,-8.577738509251285,-26.337557369995302,13.463925409912816
-0.08375302494016615,0.011818030350678793,0.10871076464949915,-0.7704207141785753,0.44105036987385615,-0.29682220838499457,0.12931615850466227,0.44273241389629614,-0.29923661997851037,0.1317305700981781,True,-0.07160985509086659,-8.034163927195236,-25.68238688986282,13.804987143974037
-0.07782487386406835,0.011502980318127302,0.1072519478523691,-0.7256266708665586,0.4680676662827348,-0.2880348289264798,0.13238508119834308,0.469637137210442,-0.2904168409301375,0.1347670932020008,True,-0.04405694523448611,-7.487357382579527,-25.026452069758676,14.154782324318557
-0.07189672278797044,0.011199779129097727,0.10582900892051161,-0.6793668722908689,0.4969054346739191,-0.2793177687917413,0.13552432321580044,0.49835888161474506,-0.2816681780349455,0.13787473245900458,True,-0.016504035378105186,-6.937299658939048,-24.370046336338014,14.513704891125787
-0.06596857171187262,0.01090842678359008,0.10444341426624314,-0.631620214403448,0.5276350744040286,-0.27067390209610603,0.1387367586723608,0.5289697312515219,-0.2729935379765437,0.14105639455279848,True,0.011048874478275295,-6.383971425552273,-23.713477540131482,14.882164286125438
-0.06004042063577482,0.010628923281604358,0.10309666959511524,-0.5823701276827623,0.5603173983347938,-0.2621061799682263,0.14202533869667666,0.5615312376903341,-0.2643959053245502,0.1443150640530006,True,0.038601784334655775,-5.827353236761877,-23.057067861081972,15.260585369710766
-0.054112269559676913,0.010361268623140551,0.10179031694193977,-0.531605276271436,0.5949994096650055,-0.25361762474079613,0.14539308562144232,0.5960911662328645,-0.2558783366594792,0.14765379754012536,True,0.0661546941910367,-5.267425531291366,-22.401153588515108,15.649408212609798
-0.048184118483579105,0.010105462808198672,0.10052593102378446,-0.4793202907235819,0.631710789362879,-0.2452113228025543,0.14884308583539613,0.6326799443340386,-0.24744395334374625,0.151075716376588,True,0.09370760404741718,-4.704168631557675,-21.74608475992099,16.04908774649353
-0.04225596740748129,0.009861505836778714,0.09930511485708435,-0.42551652518900224,0.6704601776197749,-0.23689041600798005,0.15237848119301745,0.6713068964450869,-0.23909593283402208,0.15458399801905948,True,0.12126051390379766,-4.1375627429795765,-21.092224642984668,16.460093257960175
-0.036327816331383385,0.009629397708880674,0.09812949459199652,-0.37020282721751935,0.7112313701924926,-0.22865809155281455,0.1560024588900478,0.7119563881372432,-0.23083749844202786,0.1581818657792611,True,0.1488134237601786,-3.567587953282069,-20.439949045821038,16.88290771085209
-0.030399665255285577,0.009409138424504563,0.09700071352574971,-0.31339630555620307,0.75397959069735,-0.22051757024044227,0.15971823972987115,0.7545840438410052,-0.22267190746795584,0.16187257695738466,True,0.17636633361655907,-2.9942242317966206,-19.78964544143364,17.318026882926493
-0.02447151417918777,0.009200727983650372,0.09592042526829399,-0.2551230784344396,0.7986280398004812,-0.21247209308680975,0.1635290647284342,0.7991132437506395,-0.21460243765360057,0.16565940929522502,True,0.20391924347293955,-2.417451428757178,-19.141711894113627,17.765958304597717
-0.01854336310308986,0.0090041663863181,0.0948902860482468,-0.19541898201952432,0.8450649575709022,-0.20452490624035716,0.16743818003417746,0.84543214196809,-0.20663237193140982,0.16954564572523012,True,0.23147215332932047,-1.8372492745920677,-18.49655577790021,18.227219989873493
-0.012615212026992052,0.008819453632507756,0.09391194616505269,-0.134330216145457,0.8931414607386393,-0.19667924422855979,0.17144882017457566,0.8933914742655691,-0.19876498148118227,0.17353455742719814,True,0.25902506318570095,-1.2535973792116917,-17.854592280394005,18.70233895277813
-0.006687060950894242,0.008646589722219333,0.0929870406143745,-0.07191390226758669,0.9426704262868402,-0.18893831158403154,0.17556418968224305,0.9428034337141789,-0.19100350714796602,0.17762938524617752,True,0.28657797304208144,-0.6664752312918978,-17.216242689182142,19.191849506523248
-0.0007589098747963364,0.008485574655452828,0.09211717893776833,-0.008238527097199033,0.9934266807843156,-0.1813052629502539,0.1797874432006612,0.9934418796734683,-0.18335113932235378,0.18183331957276108,True,0.31413088289846236,-0.07586219755317754,-16.58193246289328,19.69629134744515
0.0051692412013014735,0.00833640843220825,0.09130393437420016,0.05661575524353473,0.954851283806248,-0.17378318181893948,0.1841216642215424,0.9549558948654626,-0.17581099643690698,0.1861494788395099,True,0.34168379275484284,0.5182624779644217,-15.95208909440094,20.21620743122899
0.011097392277399283,0.008199091052485594,0.09054883241922887,0.12255698920577855,0.90245791523932,-0.16637505810644215,0.18856984266124072,0.9026856836967312,-0.16838610228847123,0.1905808868432698,True,0.3692367026112233,1.1159196746307822,-15.327139779831503,20.752141655077754
0.017025543353497187,0.008073622516284858,0.08985333892674695,0.18948147678048208,0.8497154715153171,-0.1590837648335977,0.19313485154059207,0.8500711227466765,-0.1610793624537626,0.19513044916075695,True,0.39678961246760425,1.7171303959594535,-14.707508913647588,21.304636366097814
0.022953694429595,0.007960002823606047,0.0892188479168278,0.2572740510053778,0.7969672226951647,-0.1519120342295439,0.1978194230887339,0.7974567534069968,-0.1538935401224059,0.19980092898159588,True,0.4243425223239847,2.3219157703457505,-14.093615436943525,21.87422972303963
0.028881845505692807,0.007858231974449157,0.08864666928006465,0.3258085807425583,0.7445691861845367,-0.1448624336326671,0.20262612464405272,0.7451996076570233,-0.146831231724801,0.20459492273618662,True,0.4518954321803652,2.9302970518093288,-13.485870072929862,22.461452945372105
0.034809996581790716,0.007768309968814188,0.08813801659224121,0.39494871711073926,0.6928807354158752,-0.13793734160779578,0.2075573347713772,0.6936596700689887,-0.1398948427786863,0.20951483594226772,True,0.47944834203674613,3.542295620741088,-12.884672490069093,23.066827490154058
0.040738147657888524,0.007690236806701144,0.08769399527163273,0.4645488842389019,0.6422545446752767,-0.1311389247349374,0.21261522005071445,0.6431896964643325,-0.13308656441485506,0.2145628597306321,True,0.5070012518931266,4.157932984654512,-12.29040843909506,23.69086220293702
0.04666629873398633,0.007624012488110022,0.08731559132314241,0.5344555081953358,0.5930264237793046,-0.12446911554819085,0.21780171301616352,0.5941249594828166,-0.12640835106608078,0.21974094853405346,True,0.5345541617495071,4.777230778941574,-11.703446914832881,24.334050493617895
0.05259444981008424,0.007569637013040821,0.08700366091746267,0.6045084684422504,0.5455056407153401,-0.11792959211127768,0.22311849173144616,0.5467735326850447,-0.1198618998112071,0.22505079943137557,True,0.562107071605888,5.400210767633034,-11.1241373969797,24.99686759140314
0.058522600886182045,0.007527110381493543,0.08675892104846362,0.6745427464858773,0.49996631864332464,-0.11152175970636069,0.2285669614787248,0.5014077076789736,-0.11344863185647117,0.23049383362883527,True,0.5896599814622685,6.026894844163271,-10.55280722549887,25.679767934538784
0.06445075196227985,0.007496432593468188,0.08658194149745192,0.7443902371278729,0.4566404235978323,-0.10524673508427988,0.23414823900883958,0.4582570616493117,-0.10716967660727024,0.23607118053182996,True,0.617212891318649,6.657305032139741,-9.989759165787875,26.38318274996842
0.07037890303837777,0.0074776036489647545,0.08647313830875317,0.8138816795001613,0.4157127369757082,-0.09910533367692928,0.2398631397536848,0.41750356284359136,-0.10102585873563433,0.24178366481238986,True,0.6447658011750299,7.291463486116924,-9.435269216172514,27.107517875473103
0.07630705411447557,0.007470623547983244,0.0864327689477969,0.8828486584823286,0.3773180463789999,-0.0930980601072783,0.24571216833622944,0.37927893425184034,-0.09501768858271097,0.24763179681166209,True,0.6723187110314104,7.929392492374874,-8.889584705547273,27.853151872114694
0.08223520519057338,0.007475492290523657,0.08646092927168697,0.95112562267478,0.34154060916383855,-0.08722510225179801,0.25169551263294476,0.3436643116403516,-0.08914535615390938,0.25361576653505613,True,0.6998716208877909,8.571114469702495,-8.352922722250547,28.620434468073512
0.0881633562666713,0.007492209876585989,0.08655755239484299,1.0185518632100783,0.3084157669978086,-0.08148632901715966,0.2578130415505022,0.3106920539331774,-0.08340872887040571,0.25973544140374827,True,0.7274245307441718,9.216651970185366,-7.82546890679186,29.409685366498454
0.0940915073427691,0.007520776306170246,0.08672240948088474,1.0849733985251948,0.27793343731840847,-0.0758812918922999,0.2640643065778381,0.28034941239000594,-0.07780735313879523,0.26599036782433344,True,0.7549774406005523,9.866027679998252,-7.307376631212441,30.221193440153122
0.10001965841886691,0.007561191579276425,0.08695511243898443,1.1502447137774647,0.25004309457183305,-0.07040923023317343,0.27044854707090726,0.2525836555306732,-0.07234045969572993,0.27237977653346374,True,0.7825303504569328,10.519264420202463,-6.798766577132108,31.05521632491265
0.10217604131230536,0.007578831680869469,0.08705648557614458,1.1736752366707515,0.24052513272776943,-0.06845153503756872,0.2728036176621794,0.24310692578993923,-0.07038501594669004,0.27473709857130074,True,0.792552804796585,10.757843412773648,-6.61612825348254,31.364224335729237
0.10594780949496481,0.007613455695904527,0.08725511845103717,1.214230309645582,0.22465978936432385,-0.0650690801358444,0.27696469912577404,0.22730818737490904,-0.06700697258155584,0.27890259157148545,True,0.8100832603133137,11.17638514754778,-6.299726713444004,31.911980413074293
0.11187596057106262,0.007677568656054551,0.08762173620771589,1.2768060234032537,0.2016707384780766,-0.05985948665892975,0.283611407801055,0.2044091875498683,-0.06180552150125636,0.2855574426433816,True,0.8376361701696942,11.837412955279229,-5.810312663710142,32.791681236536675
0.11780411164716044,0.007753530459726495,0.08805413368903527,1.337860094827436,0.1809420476152369,-0.054778819073223725,0.2903870423675446,0.18375233663709598,-0.05673445724687885,0.2923426805411997,True,0.8651890800260746,12.502371073948689,-5.330548443110373,33.69448421970225
0.12373226272325834,0.007841341106920365,0.08855134729026072,1.3972939600532421,0.1623251913852677,-0.049825188748151186,0.2972897141946679,0.16518925758628375,-0.05179186978667001,0.2992563952331867,True,0.8927419898824556,13.171282872231272,-4.860427535764912,34.6205257729246
0.12966041379935614,0.007941000597636156,0.08911229206813254,1.455022767231952,0.1456629586485032,-0.04499646923399797,0.30431729683271025,0.14856339081253198,-0.046975608574869654,0.30629643617358193,True,0.920294899738836,13.844171857746524,-4.399914275753432,35.569914689825644
0.13558856487545395,0.00805250893187387,0.08973577286608651,1.510975618138309,0.13079466301627174,-0.04029031806694222,0.31146744781785013,0.1337151137213132,-0.04228330460382776,0.3134604343547357,True,0.9478478095952165,14.521061677884632,-3.9489454894440854,36.54273380609811
0.14151671595155185,0.008175866109633506,0.09042049607049005,1.5650955491466028,0.11756050704406885,-0.035704199810854126,0.31873763171395786,0.12048600400377502,-0.037712393706904046,0.32074582561000775,True,0.9754007194515975,15.201976120637411,-3.5074323529516978,37.539041873614046
0.14744486702764967,0.008311072130915064,0.0911650817523632,1.617339272816783,0.105805066343448,-0.031235409854631885,0.3261251439099312,0.10872222240054857,-0.033260140625465784,0.3281498746807651,True,1.002953629307978,15.88693911543429,-3.0752624166707325,38.558875601787044
0.15337301810374748,0.008458126995718542,0.09196807595964233,1.667676707415854,0.09537992169865964,-0.02688109850459547,0.33362713471209043,0.09827705043107313,-0.028923663374286396,0.3356696995817814,True,1.0305065391643584,16.575974733983298,-2.652301748772524,39.60225181807988
0.15930116917984538,0.008617030704043948,0.09282796294244502,1.7160903259141314,0.0861455115845035,-0.022638294945565657,0.34124063330525645,0.0890126605569656,-0.02469995747414147,0.3433022958338322,True,1.0580594490207393,17.269107191117,-2.238397151123233,40.669169701115365
0.1652293202559432,0.008787783255891272,0.0937431771164775,1.762574358351893,0.07797230493482891,-0.01850393068871206,0.3489625712005985,0.08080122144763022,-0.02058591966535822,0.3510445601772446,True,1.0856123588771198,17.966360845643454,-1.833378404010614,41.75961304278098
0.171157471332041,0.008970384651260519,0.0947121145960775,1.8071338821013874,0.07074140690432715,-0.01447486217590127,0.3567898048399833,0.07352545198536375,-0.01657837076830654,0.35889331343238856,True,1.1131652687335003,18.667760201202306,-1.4370605000671621,42.87355249971669
0.1770856224081389,0.009164834890151692,0.09573314415682634,1.8497838336746162,0.06434471181972605,-0.010547892266021819,0.36471913708229964,0.06707873762972594,-0.012674077413198315,0.36684532222947613,True,1.1407181785898812,19.373329907125893,-1.0492458325336824,44.01094779933192
0.18301377348423672,0.009371133972564782,0.09680461751675269,1.8905479736290984,0.058684710833623914,-0.006719790385773805,0.37274733735424725,0.06136491508554729,-0.008869772419217159,0.3748973193876906,True,1.1682710884462617,20.083094759305485,-0.6697263082189272,45.17174987070932
0.18894192456033454,0.009589281898499795,0.0979248788536386,1.9294578331083023,0.05367405001652705,-0.0029873111832450505,0.3808711603039141,0.05629781888360436,-0.005162173659469443,0.38304602278013855,True,1.1958239983026422,20.797079701062714,-0.29828536090174934,46.35590287614409
0.19487007563643244,0.009819278667956736,0.09909227350281523,1.966551666925839,0.04923492027607203,0.000652788424721884,0.389087362848143,0.05180066893159342,-0.0015480013015247984,0.39128815257438965,True,1.2233769081590231,21.51530982402617,0.06530015374555953,47.56334612439939
0.20079822671253025,0.010061124280935595,0.10030515580435333,2.0018734341452014,0.045298345491249274,0.004203733872318982,0.3973927195527415,0.04780536314453499,0.0019760066380909436,0.39962044678696956,True,1.2509298180154036,22.23781036901313,0.4212581955538178,48.79401585183862
0.20672637778862807,0.010314818737436376,0.10156189609019899,2.035471823064731,0.04180342091175111,0.007668719250238737,0.40578403632701743,0.04425172514502591,0.005413080444180929,0.4080396751330752,True,1.278482727871784,22.964606726916692,0.7698199187312458,50.04784686227968
0.21265452886472597,0.010580362037459082,0.1028608868203025,2.0673993335895737,0.03869654100135156,0.011050895279082346,0.4142581624503696,0.04108674446096942,0.0087664065400051,0.41654265118944683,True,1.306035637728165,23.695724439598028,1.1112181971869968,51.324774020600685
0.21458596036281202,0.010669436924833124,0.1032929664828788,2.0774498755283637,0.037760056960193876,0.012135466200066614,0.41703645452555743,0.04013154586980485,0.009841381188255865,0.4193305395373682,True,1.3150125611023191,23.934865125544484,1.2209399739978022,51.745783013204836
0.21858267994082378,0.010857754181003708,0.10420054789205145,2.097711426309089,0.03593064489737939,0.014353358903061886,0.4228120009785857,0.03826383598098983,0.012039116963062535,0.42512624291858503,True,1.3335885475845455,24.431189200784,1.4456862976439182,52.624733598760244
0.2245108310169216,0.011146995168070257,0.10557933115941896,2.126465744302951,0.03346449862154649,0.01757914443263292,0.4314425176012103,0.03574213672116929,0.015234280407356082,0.4337873816264871,True,1.361141457440926,25.17102685697016,1.7734566988257257,53.947664475948976
0.2304389820930195,0.011448084998658731,0.10699572420736603,2.1537214108333043,0.031262026024381856,0.02073121614680165,0.44014674803923737,0.033485851100410434,0.018354894741871908,0.4425230694441671,True,1.3886943672973069,25.915263408329043,2.0947600525184447,55.293509197074506
0.2363671331691173,0.011761023672769122,0.10844825343346531,2.179538403669472,0.029291694978818936,0.023812462253253036,0.4489218040849816,0.03146365070610586,0.02140388090226622,0.4513303854359684,True,1.4162472771536874,26.66392500962389,2.4098242803617054,56.66221489572659
0.2422952842452151,0.012085811190401438,0.10993548649276737,2.203977004833245,0.027525961309170413,0.026825690096501487,0.4577648783939287,0.029648130704630817,0.024384078044716845,0.4602064904457134,True,1.4438001870100678,27.417037971127822,2.7188737987767486,58.05373408921827
0.24822343532131302,0.01242244755155568,0.1114560341639504,2.227097323023171,0.02594077009013238,0.02977362250030441,0.46667324814232164,0.028015322355104712,0.02729823984689045,0.4691486307957356,True,1.4713530968664488,28.174628759548494,3.022128863431265,59.468025354304444
0.2541515863974108,0.012770932756231842,0.1130085516951343,2.2489588848376822,0.02451511203150611,0.03265889512991471,0.4756442776649069,0.026544259280208336,0.030149031840305124,0.47815414095451647,True,1.4989060067228293,28.936723998958115,3.319805024016621,60.905053892805014
0.26007973747350865,0.013131266804429923,0.11459173968672402,2.2696202901232336,0.02323063146112091,0.03548405476174038,0.48467542018527693,0.025216594024488576,0.03293902966038262,0.48722044528663466,True,1.5264589165792097,29.703350471729216,3.612112679811424,62.36479199666135
0.26600788854960655,0.01350344969614993,0.11620434456658636,2.2891389262746635,0.022071281747911526,0.038251558352014575,0.49376421874719856,0.02401626081239619,0.035670718104564736,0.49634505899464837,True,1.5540118264355907,30.474535119475814,3.8992567264672333,63.84721942199175
0.27193603962570434,0.01388748143139186,0.11784515871002872,2.3075707360608133,0.0210230237203168,0.0409637728016414,0.5029083064497673,0.02292918016278192,0.038346490894494795,0.5055255883569139,True,1.5815647362919711,31.2503050440002,4.181436284625188,65.35232368154021
0.2778641907018022,0.014283362010155707,0.11951302025367658,2.32497003349101,0.02007356261476013,0.04362297532099005,0.5121054060826143,0.021943001011906695,0.040968651044945154,0.5147597303586592,True,1.6091176461483516,32.03068750824542,4.458844501305918,66.88010026457857
0.2837923417779001,0.014691091432441487,0.12120681264863575,2.3413893623337874,0.019212119244988283,0.04623135430568012,0.52135332925012,0.021046876157815596,0.04353941174952669,0.5240452718062735,True,1.6366705560047325,32.81570993725339,4.731668415467264,68.43055279286916
0.28972049285399787,0.01511066969824918,0.12292546399444332,2.356879392109468,0.018429231348380218,0.0487910106420138,0.5306499750659819,0.020231267101667408,0.046060897700913594,0.5333800880070821,True,1.664223465861113,33.605399919128594,5.000088879658706,70.00369312076249
0.2956486439300957,0.015542096807578794,0.12466794619138792,2.3714888466697075,0.017716581391271264,0.05130395936839799,0.5399933284917935,0.019487774680329913,0.04853514677109205,0.5427621410890994,True,1.6917763757174935,34.39978520600777,5.264280530286165,71.59954138691837
0.3015767950061936,0.01598537276043034,0.12643327394491666,2.385264460822093,0.01706684746753037,0.05377213162667055,0.5493814583857166,0.018808992226906265,0.05096411198479811,0.5521894780275891,True,1.7193292855738744,35.19889371503511,5.524411799612031,73.21812602452775
0.3075049460822914,0.0164404975568038,0.12822050365212187,2.3982509608337717,0.01647357427971815,0.056197376844546065,0.5588125153200367,0.018188378339919258,0.05334966372669386,0.5616602284378889,True,1.746882195430255,36.00275352934333,5.780644963232554,74.85948373629641
0.3134330971583892,0.016907471196699185,0.13002873219676944,2.4104910650369042,0.01593106153495558,0.05858146509731732,0.568284729219461,0.017620146673426613,0.055693592129831104,0.5711726021869472,True,1.7744351052866354,36.81139289904067,6.033136217382349,76.52365943984292
0.31936124823448714,0.017386293680116495,0.13185709567602533,2.4220255011468024,0.015434267408913674,0.06092608960342538,0.5777964068655489,0.01709917047076465,0.05799760959949979,0.5807248868694745,True,1.8019880151430163,37.62484024220368,6.282035781003121,78.21070618857617
0.3252893993105849,0.017876965007055722,0.13370476807898707,2.432893037280599,0.014978725026091676,0.06323286931448963,0.5873459293066803,0.01662089984928703,0.06026335343260736,0.5903154451885625,True,1.8295409249993968,38.443124145875835,6.527488018071234,79.92068507256081
0.3312175503866827,0.018379485177516874,0.1355709599343343,2.4431305240230845,0.014560470170695236,0.06550335156586484,0.5969317492075006,0.01618129010049353,0.062492388498271045,0.5999427122750944,True,1.8570938348557773,39.26627336707229,6.769631576202725,81.65366510335481
0.33714570146278067,0.018893854191499953,0.137454916941883,2.4527729452219487,0.014175978679827823,0.0677390147587455,0.6065523881668158,0.015776739499265335,0.06468620995031416,0.6096051929752472,True,1.8846467447121582,40.09431683379042,7.008599538039418,83.40972308631751
0.34307385253887857,0.019420072049004956,0.1393559186005566,2.4618534755043284,0.013822112180463472,0.06994127104929221,0.616206434028465,0.015404035318638156,0.06684624594686522,0.6193014591308919,True,1.9121996545685391,40.92728364602644,7.244519582365812,85.18894348344165
0.34900200361497635,0.019958138750031874,0.1412732768432582,2.4704035427888593,0.013496071015618415,0.07211146902423388,0.6258925382057188,0.015060306924432405,0.06897386035627845,0.6290301468736743,True,1.9397525644249196,41.765203076798066,7.477514152313304,86.99141826935553
0.35493015469107414,0.020508054294580712,0.14320633468733396,2.478452894322044,0.013195353365508715,0.07425089634591053,0.6356094130362377,0.014742984979269066,0.07107035543214923,0.638789953949999,True,1.9673054742813,42.608104573173314,7.707700628374821,88.81724678277536
0.360858305767172,0.021069818682651474,0.14515446490773706,2.4860296649954265,0.012917719708632995,0.07636078235282417,0.6453558291815198,0.014449765920295118,0.07313697444333361,0.6485796370910104,True,1.9948583841376806,43.45601775730531,7.935191504283477,90.66653557535571
0.36678645684326977,0.021643431914244157,0.14711706873862107,2.4931604469018436,0.012661161888018701,0.078442300604469,0.6551306130820705,0.014178580991592638,0.07517490424761497,0.6583980094389246,True,2.022411293994061,44.30897242747329,8.160094564102895,92.53939825959485
