recipient,provider,year,sector,debt10,lngdp,lnpop,vuln_z,interaction,dyad,provider_year,y,cell_id
0,0,2015,0,-2.5279878512544394,-0.18979759794386772,-1.0092214159664494,-0.07247044208983629,0.18320439717814452,0_0,0_2015,0,0
0,0,2015,1,-2.5279878512544394,-0.18979759794386772,-1.0092214159664494,-0.07247044208983629,0.18320439717814452,0_0,0_2015,0,1
0,0,2015,2,-2.5279878512544394,-0.18979759794386772,-1.0092214159664494,-0.07247044208983629,0.18320439717814452,0_0,0_2015,0,2
0,0,2016,0,0.22204155420922964,0.17639525333156617,-0.42734682822732173,-0.07247044208983629,-0.016091449595857222,0_0,0_2016,0,3
0,0,2016,1,0.22204155420922964,0.17639525333156617,-0.42734682822732173,-0.07247044208983629,-0.016091449595857222,0_0,0_2016,0,4
0,0,2016,2,0.22204155420922964,0.17639525333156617,-0.42734682822732173,-0.07247044208983629,-0.016091449595857222,0_0,0_2016,0,5
0,0,2017,0,0.7113416193154233,0.3140146774638925,-0.6249540830732747,-0.07247044208983629,-0.05155124162868875,0_0,0_2017,0,6
0,0,2017,1,0.7113416193154233,0.3140146774638925,-0.6249540830732747,-0.07247044208983629,-0.05155124162868875,0_0,0_2017,0,7
0,0,2017,2,0.7113416193154233,0.3140146774638925,-0.6249540830732747,-0.07247044208983629,-0.05155124162868875,0_0,0_2017,0,8
0,0,2018,0,-0.056295889907419044,1.530246109672091,0.3400360672819106,-0.07247044208983629,0.004079788029431411,0_0,0_2018,0,9
0,0,2018,1,-0.056295889907419044,1.530246109672091,0.3400360672819106,-0.07247044208983629,0.004079788029431411,0_0,0_2018,0,10
0,0,2018,2,-0.056295889907419044,1.530246109672091,0.3400360672819106,-0.07247044208983629,0.004079788029431411,0_0,0_2018,0,11
0,0,2019,0,0.6731132906647878,-0.8282797089529459,1.1299148602471876,-0.07247044208983629,-0.048780817751021645,0_0,0_2019,0,12
0,0,2019,1,0.6731132906647878,-0.8282797089529459,1.1299148602471876,-0.07247044208983629,-0.048780817751021645,0_0,0_2019,0,13
0,0,2019,2,0.6731132906647878,-0.8282797089529459,1.1299148602471876,-0.07247044208983629,-0.048780817751021645,0_0,0_2019,0,14
0,1,2015,0,-2.5279878512544394,-0.18979759794386772,-1.0092214159664494,-0.07247044208983629,0.18320439717814452,1_0,1_2015,4,15
0,1,2015,1,-2.5279878512544394,-0.18979759794386772,-1.0092214159664494,-0.07247044208983629,0.18320439717814452,1_0,1_2015,1,16
0,1,2015,2,-2.5279878512544394,-0.18979759794386772,-1.0092214159664494,-0.07247044208983629,0.18320439717814452,1_0,1_2015,3,17
0,1,2016,0,0.22204155420922964,0.17639525333156617,-0.42734682822732173,-0.07247044208983629,-0.016091449595857222,1_0,1_2016,0,18
0,1,2016,1,0.22204155420922964,0.17639525333156617,-0.42734682822732173,-0.07247044208983629,-0.016091449595857222,1_0,1_2016,2,19
0,1,2016,2,0.22204155420922964,0.17639525333156617,-0.42734682822732173,-0.07247044208983629,-0.016091449595857222,1_0,1_2016,1,20
0,1,2017,0,0.7113416193154233,0.3140146774638925,-0.6249540830732747,-0.07247044208983629,-0.05155124162868875,1_0,1_2017,2,21
0,1,2017,1,0.7113416193154233,0.3140146774638925,-0.6249540830732747,-0.07247044208983629,-0.05155124162868875,1_0,1_2017,2,22
0,1,2017,2,0.7113416193154233,0.3140146774638925,-0.6249540830732747,-0.07247044208983629,-0.05155124162868875,1_0,1_2017,4,23
0,1,2018,0,-0.056295889907419044,1.530246109672091,0.3400360672819106,-0.07247044208983629,0.004079788029431411,1_0,1_2018,0,24
0,1,2018,1,-0.056295889907419044,1.530246109672091,0.3400360672819106,-0.07247044208983629,0.004079788029431411,1_0,1_2018,1,25
0,1,2018,2,-0.056295889907419044,1.530246109672091,0.3400360672819106,-0.07247044208983629,0.004079788029431411,1_0,1_2018,1,26
0,1,2019,0,0.6731132906647878,-0.8282797089529459,1.1299148602471876,-0.07247044208983629,-0.048780817751021645,1_0,1_2019,4,27
0,1,2019,1,0.6731132906647878,-0.8282797089529459,1.1299148602471876,-0.07247044208983629,-0.048780817751021645,1_0,1_2019,4,28
0,1,2019,2,0.6731132906647878,-0.8282797089529459,1.1299148602471876,-0.07247044208983629,-0.048780817751021645,1_0,1_2019,2,29
0,2,2015,0,-2.5279878512544394,-0.18979759794386772,-1.0092214159664494,-0.07247044208983629,0.18320439717814452,2_0,2_2015,2,30
0,2,2015,1,-2.5279878512544394,-0.18979759794386772,-1.0092214159664494,-0.07247044208983629,0.18320439717814452,2_0,2_2015,2,31
0,2,2015,2,-2.5279878512544394,-0.18979759794386772,-1.0092214159664494,-0.07247044208983629,0.18320439717814452,2_0,2_2015,0,32
0,2,2016,0,0.22204155420922964,0.17639525333156617,-0.42734682822732173,-0.07247044208983629,-0.016091449595857222,2_0,2_2016,1,33
0,2,2016,1,0.22204155420922964,0.17639525333156617,-0.42734682822732173,-0.07247044208983629,-0.016091449595857222,2_0,2_2016,2,34
0,2,2016,2,0.22204155420922964,0.17639525333156617,-0.42734682822732173,-0.07247044208983629,-0.016091449595857222,2_0,2_2016,3,35
0,2,2017,0,0.7113416193154233,0.3140146774638925,-0.6249540830732747,-0.07247044208983629,-0.05155124162868875,2_0,2_2017,2,36
0,2,2017,1,0.7113416193154233,0.3140146774638925,-0.6249540830732747,-0.07247044208983629,-0.05155124162868875,2_0,2_2017,6,37
0,2,2017,2,0.7113416193154233,0.3140146774638925,-0.6249540830732747,-0.07247044208983629,-0.05155124162868875,2_0,2_2017,2,38
0,2,2018,0,-0.056295889907419044,1.530246109672091,0.3400360672819106,-0.07247044208983629,0.004079788029431411,2_0,2_2018,3,39
0,2,2018,1,-0.056295889907419044,1.530246109672091,0.3400360672819106,-0.07247044208983629,0.004079788029431411,2_0,2_2018,3,40
0,2,2018,2,-0.056295889907419044,1.530246109672091,0.3400360672819106,-0.07247044208983629,0.004079788029431411,2_0,2_2018,3,41
0,2,2019,0,0.6731132906647878,-0.8282797089529459,1.1299148602471876,-0.07247044208983629,-0.048780817751021645,2_0,2_2019,3,42
0,2,2019,1,0.6731132906647878,-0.8282797089529459,1.1299148602471876,-0.07247044208983629,-0.048780817751021645,2_0,2_2019,6,43
0,2,2019,2,0.6731132906647878,-0.8282797089529459,1.1299148602471876,-0.07247044208983629,-0.048780817751021645,2_0,2_2019,3,44
0,3,2015,0,-2.5279878512544394,-0.18979759794386772,-1.0092214159664494,-0.07247044208983629,0.18320439717814452,3_0,3_2015,4,45
0,3,2015,1,-2.5279878512544394,-0.18979759794386772,-1.0092214159664494,-0.07247044208983629,0.18320439717814452,3_0,3_2015,2,46
0,3,2015,2,-2.5279878512544394,-0.18979759794386772,-1.0092214159664494,-0.07247044208983629,0.18320439717814452,3_0,3_2015,0,47
0,3,2016,0,0.22204155420922964,0.17639525333156617,-0.42734682822732173,-0.07247044208983629,-0.016091449595857222,3_0,3_2016,2,48
0,3,2016,1,0.22204155420922964,0.17639525333156617,-0.42734682822732173,-0.07247044208983629,-0.016091449595857222,3_0,3_2016,0,49
0,3,2016,2,0.22204155420922964,0.17639525333156617,-0.42734682822732173,-0.07247044208983629,-0.016091449595857222,3_0,3_2016,1,50
0,3,2017,0,0.7113416193154233,0.3140146774638925,-0.6249540830732747,-0.07247044208983629,-0.05155124162868875,3_0,3_2017,3,51
0,3,2017,1,0.7113416193154233,0.3140146774638925,-0.6249540830732747,-0.07247044208983629,-0.05155124162868875,3_0,3_2017,5,52
0,3,2017,2,0.7113416193154233,0.3140146774638925,-0.6249540830732747,-0.07247044208983629,-0.05155124162868875,3_0,3_2017,3,53
0,3,2018,0,-0.056295889907419044,1.530246109672091,0.3400360672819106,-0.07247044208983629,0.004079788029431411,3_0,3_2018,3,54
0,3,2018,1,-0.056295889907419044,1.530246109672091,0.3400360672819106,-0.07247044208983629,0.004079788029431411,3_0,3_2018,0,55
0,3,2018,2,-0.056295889907419044,1.530246109672091,0.3400360672819106,-0.07247044208983629,0.004079788029431411,3_0,3_2018,6,56
0,3,2019,0,0.6731132906647878,-0.8282797089529459,1.1299148602471876,-0.07247044208983629,-0.048780817751021645,3_0,3_2019,3,57
0,3,2019,1,0.6731132906647878,-0.8282797089529459,1.1299148602471876,-0.07247044208983629,-0.048780817751021645,3_0,3_2019,2,58
0,3,2019,2,0.6731132906647878,-0.8282797089529459,1.1299148602471876,-0.07247044208983629,-0.048780817751021645,3_0,3_2019,2,59
1,0,2015,0,-0.4036330867068228,1.0289165709357915,-0.02588364923354261,-0.1991582467929933,0.08038685789617507,0_1,0_2015,4,60
1,0,2015,1,-0.4036330867068228,1.0289165709357915,-0.02588364923354261,-0.1991582467929933,0.08038685789617507,0_1,0_2015,3,61
1,0,2015,2,-0.4036330867068228,1.0289165709357915,-0.02588364923354261,-0.1991582467929933,0.08038685789617507,0_1,0_2015,0,62
1,0,2016,0,1.4675149789394,-0.5828993130119029,-0.16021992622111197,-0.1991582467929933,-0.2922677103480274,0_1,0_2016,4,63
1,0,2016,1,1.4675149789394,-0.5828993130119029,-0.16021992622111197,-0.1991582467929933,-0.2922677103480274,0_1,0_2016,3,64
1,0,2016,2,1.4675149789394,-0.5828993130119029,-0.16021992622111197,-0.1991582467929933,-0.2922677103480274,0_1,0_2016,2,65
1,0,2017,0,-1.3109333432663692,-1.1230403727337317,1.393893852807004,-0.1991582467929933,0.26108318630740734,0_1,0_2017,2,66
1,0,2017,1,-1.3109333432663692,-1.1230403727337317,1.393893852807004,-0.1991582467929933,0.26108318630740734,0_1,0_2017,8,67
1,0,2017,2,-1.3109333432663692,-1.1230403727337317,1.393893852807004,-0.1991582467929933,0.26108318630740734,0_1,0_2017,4,68
1,0,2018,0,0.7932665347670577,-0.7984249865608966,0.7977082801102074,-0.1991582467929933,-0.15798557230376026,0_1,0_2018,3,69
1,0,2018,1,0.7932665347670577,-0.7984249865608966,0.7977082801102074,-0.1991582467929933,-0.15798557230376026,0_1,0_2018,4,70
1,0,2018,2,0.7932665347670577,-0.7984249865608966,0.7977082801102074,-0.1991582467929933,-0.15798557230376026,0_1,0_2018,1,71
1,0,2019,0,0.49970151644314015,1.8645811612806171,-1.0308925812765908,-0.1991582467929933,-0.0995196779346159,0_1,0_2019,3,72
1,0,2019,1,0.49970151644314015,1.8645811612806171,-1.0308925812765908,-0.1991582467929933,-0.0995196779346159,0_1,0_2019,2,73
1,0,2019,2,0.49970151644314015,1.8645811612806171,-1.0308925812765908,-0.1991582467929933,-0.0995196779346159,0_1,0_2019,3,74
1,1,2015,0,-0.4036330867068228,1.0289165709357915,-0.02588364923354261,-0.1991582467929933,0.08038685789617507,1_1,1_2015,1,75
1,1,2015,1,-0.4036330867068228,1.0289165709357915,-0.02588364923354261,-0.1991582467929933,0.08038685789617507,1_1,1_2015,5,76
1,1,2015,2,-0.4036330867068228,1.0289165709357915,-0.02588364923354261,-0.1991582467929933,0.08038685789617507,1_1,1_2015,0,77
1,1,2016,0,1.4675149789394,-0.5828993130119029,-0.16021992622111197,-0.1991582467929933,-0.2922677103480274,1_1,1_2016,3,78
1,1,2016,1,1.4675149789394,-0.5828993130119029,-0.16021992622111197,-0.1991582467929933,-0.2922677103480274,1_1,1_2016,3,79
1,1,2016,2,1.4675149789394,-0.5828993130119029,-0.16021992622111197,-0.1991582467929933,-0.2922677103480274,1_1,1_2016,0,80
1,1,2017,0,-1.3109333432663692,-1.1230403727337317,1.393893852807004,-0.1991582467929933,0.26108318630740734,1_1,1_2017,3,81
1,1,2017,1,-1.3109333432663692,-1.1230403727337317,1.393893852807004,-0.1991582467929933,0.26108318630740734,1_1,1_2017,3,82
1,1,2017,2,-1.3109333432663692,-1.1230403727337317,1.393893852807004,-0.1991582467929933,0.26108318630740734,1_1,1_2017,2,83
1,1,2018,0,0.7932665347670577,-0.7984249865608966,0.7977082801102074,-0.1991582467929933,-0.15798557230376026,1_1,1_2018,1,84
1,1,2018,1,0.7932665347670577,-0.7984249865608966,0.7977082801102074,-0.1991582467929933,-0.15798557230376026,1_1,1_2018,1,85
1,1,2018,2,0.7932665347670577,-0.7984249865608966,0.7977082801102074,-0.1991582467929933,-0.15798557230376026,1_1,1_2018,4,86
1,1,2019,0,0.49970151644314015,1.8645811612806171,-1.0308925812765908,-0.1991582467929933,-0.0995196779346159,1_1,1_2019,3,87
1,1,2019,1,0.49970151644314015,1.8645811612806171,-1.0308925812765908,-0.1991582467929933,-0.0995196779346159,1_1,1_2019,4,88
1,1,2019,2,0.49970151644314015,1.8645811612806171,-1.0308925812765908,-0.1991582467929933,-0.0995196779346159,1_1,1_2019,3,89
1,2,2015,0,-0.4036330867068228,1.0289165709357915,-0.02588364923354261,-0.1991582467929933,0.08038685789617507,2_1,2_2015,3,90
1,2,2015,1,-0.4036330867068228,1.0289165709357915,-0.02588364923354261,-0.1991582467929933,0.08038685789617507,2_1,2_2015,4,91
1,2,2015,2,-0.4036330867068228,1.0289165709357915,-0.02588364923354261,-0.1991582467929933,0.08038685789617507,2_1,2_2015,2,92
1,2,2016,0,1.4675149789394,-0.5828993130119029,-0.16021992622111197,-0.1991582467929933,-0.2922677103480274,2_1,2_2016,3,93
1,2,2016,1,1.4675149789394,-0.5828993130119029,-0.16021992622111197,-0.1991582467929933,-0.2922677103480274,2_1,2_2016,6,94
1,2,2016,2,1.4675149789394,-0.5828993130119029,-0.16021992622111197,-0.1991582467929933,-0.2922677103480274,2_1,2_2016,2,95
1,2,2017,0,-1.3109333432663692,-1.1230403727337317,1.393893852807004,-0.1991582467929933,0.26108318630740734,2_1,2_2017,3,96
1,2,2017,1,-1.3109333432663692,-1.1230403727337317,1.393893852807004,-0.1991582467929933,0.26108318630740734,2_1,2_2017,3,97
1,2,2017,2,-1.3109333432663692,-1.1230403727337317,1.393893852807004,-0.1991582467929933,0.26108318630740734,2_1,2_2017,1,98
1,2,2018,0,0.7932665347670577,-0.7984249865608966,0.7977082801102074,-0.1991582467929933,-0.15798557230376026,2_1,2_2018,2,99
1,2,2018,1,0.7932665347670577,-0.7984249865608966,0.7977082801102074,-0.1991582467929933,-0.15798557230376026,2_1,2_2018,6,100
1,2,2018,2,0.7932665347670577,-0.7984249865608966,0.7977082801102074,-0.1991582467929933,-0.15798557230376026,2_1,2_2018,3,101
1,2,2019,0,0.49970151644314015,1.8645811612806171,-1.0308925812765908,-0.1991582467929933,-0.0995196779346159,2_1,2_2019,1,102
1,2,2019,1,0.49970151644314015,1.8645811612806171,-1.0308925812765908,-0.1991582467929933,-0.0995196779346159,2_1,2_2019,1,103
1,2,2019,2,0.49970151644314015,1.8645811612806171,-1.0308925812765908,-0.1991582467929933,-0.0995196779346159,2_1,2_2019,2,104
1,3,2015,0,-0.4036330867068228,1.0289165709357915,-0.02588364923354261,-0.1991582467929933,0.08038685789617507,3_1,3_2015,3,105
1,3,2015,1,-0.4036330867068228,1.0289165709357915,-0.02588364923354261,-0.1991582467929933,0.08038685789617507,3_1,3_2015,2,106
1,3,2015,2,-0.4036330867068228,1.0289165709357915,-0.02588364923354261,-0.1991582467929933,0.08038685789617507,3_1,3_2015,1,107
1,3,2016,0,1.4675149789394,-0.5828993130119029,-0.16021992622111197,-0.1991582467929933,-0.2922677103480274,3_1,3_2016,3,108
1,3,2016,1,1.4675149789394,-0.5828993130119029,-0.16021992622111197,-0.1991582467929933,-0.2922677103480274,3_1,3_2016,8,109
1,3,2016,2,1.4675149789394,-0.5828993130119029,-0.16021992622111197,-0.1991582467929933,-0.2922677103480274,3_1,3_2016,3,110
1,3,2017,0,-1.3109333432663692,-1.1230403727337317,1.393893852807004,-0.1991582467929933,0.26108318630740734,3_1,3_2017,3,111
1,3,2017,1,-1.3109333432663692,-1.1230403727337317,1.393893852807004,-0.1991582467929933,0.26108318630740734,3_1,3_2017,1,112
1,3,2017,2,-1.3109333432663692,-1.1230403727337317,1.393893852807004,-0.1991582467929933,0.26108318630740734,3_1,3_2017,2,113
1,3,2018,0,0.7932665347670577,-0.7984249865608966,0.7977082801102074,-0.1991582467929933,-0.15798557230376026,3_1,3_2018,6,114
1,3,2018,1,0.7932665347670577,-0.7984249865608966,0.7977082801102074,-0.1991582467929933,-0.15798557230376026,3_1,3_2018,5,115
1,3,2018,2,0.7932665347670577,-0.7984249865608966,0.7977082801102074,-0.1991582467929933,-0.15798557230376026,3_1,3_2018,4,116
1,3,2019,0,0.49970151644314015,1.8645811612806171,-1.0308925812765908,-0.1991582467929933,-0.0995196779346159,3_1,3_2019,2,117
1,3,2019,1,0.49970151644314015,1.8645811612806171,-1.0308925812765908,-0.1991582467929933,-0.0995196779346159,3_1,3_2019,5,118
1,3,2019,2,0.49970151644314015,1.8645811612806171,-1.0308925812765908,-0.1991582467929933,-0.0995196779346159,3_1,3_2019,1,119
2,0,2015,0,1.043076414994755,-0.9377706182984794,-0.44224372873633505,-0.6494911131089095,-0.6774688618325941,0_2,0_2015,2,120
2,0,2015,1,1.043076414994755,-0.9377706182984794,-0.44224372873633505,-0.6494911131089095,-0.6774688618325941,0_2,0_2015,5,121
2,0,2015,2,1.043076414994755,-0.9377706182984794,-0.44224372873633505,-0.6494911131089095,-0.6774688618325941,0_2,0_2015,4,122
2,0,2016,0,0.08627809206918811,-1.2049042743103113,-0.785966194162791,-0.6494911131089095,-0.05603685405492997,0_2,0_2016,3,123
2,0,2016,1,0.08627809206918811,-1.2049042743103113,-0.785966194162791,-0.6494911131089095,-0.05603685405492997,0_2,0_2016,1,124
2,0,2016,2,0.08627809206918811,-1.2049042743103113,-0.785966194162791,-0.6494911131089095,-0.05603685405492997,0_2,0_2016,2,125
2,0,2017,0,0.5059590862303317,-0.012437559159619147,1.270999089064801,-0.6494911131089095,-0.32861593010330487,0_2,0_2017,4,126
2,0,2017,1,0.5059590862303317,-0.012437559159619147,1.270999089064801,-0.6494911131089095,-0.32861593010330487,0_2,0_2017,4,127
2,0,2017,2,0.5059590862303317,-0.012437559159619147,1.270999089064801,-0.6494911131089095,-0.32861593010330487,0_2,0_2017,4,128
2,0,2018,0,-0.4688380665424933,-1.12530935080677,-0.991787753302737,-0.6494911131089095,0.30450615770651296,0_2,0_2018,1,129
2,0,2018,1,-0.4688380665424933,-1.12530935080677,-0.991787753302737,-0.6494911131089095,0.30450615770651296,0_2,0_2018,3,130
2,0,2018,2,-0.4688380665424933,-1.12530935080677,-0.991787753302737,-0.6494911131089095,0.30450615770651296,0_2,0_2018,4,131
2,0,2019,0,2.1429548619147525,-1.664297155530769,-1.4027968330512386,-0.6494911131089095,-1.391830138607162,0_2,0_2019,4,132
2,0,2019,1,2.1429548619147525,-1.664297155530769,-1.4027968330512386,-0.6494911131089095,-1.391830138607162,0_2,0_2019,1,133
2,0,2019,2,2.1429548619147525,-1.664297155530769,-1.4027968330512386,-0.6494911131089095,-1.391830138607162,0_2,0_2019,1,134
2,1,2015,0,1.043076414994755,-0.9377706182984794,-0.44224372873633505,-0.6494911131089095,-0.6774688618325941,1_2,1_2015,8,135
2,1,2015,1,1.043076414994755,-0.9377706182984794,-0.44224372873633505,-0.6494911131089095,-0.6774688618325941,1_2,1_2015,7,136
2,1,2015,2,1.043076414994755,-0.9377706182984794,-0.44224372873633505,-0.6494911131089095,-0.6774688618325941,1_2,1_2015,4,137
2,1,2016,0,0.08627809206918811,-1.2049042743103113,-0.785966194162791,-0.6494911131089095,-0.05603685405492997,1_2,1_2016,1,138
2,1,2016,1,0.08627809206918811,-1.2049042743103113,-0.785966194162791,-0.6494911131089095,-0.05603685405492997,1_2,1_2016,5,139
2,1,2016,2,0.08627809206918811,-1.2049042743103113,-0.785966194162791,-0.6494911131089095,-0.05603685405492997,1_2,1_2016,5,140
2,1,2017,0,0.5059590862303317,-0.012437559159619147,1.270999089064801,-0.6494911131089095,-0.32861593010330487,1_2,1_2017,6,141
2,1,2017,1,0.5059590862303317,-0.012437559159619147,1.270999089064801,-0.6494911131089095,-0.32861593010330487,1_2,1_2017,3,142
2,1,2017,2,0.5059590862303317,-0.012437559159619147,1.270999089064801,-0.6494911131089095,-0.32861593010330487,1_2,1_2017,2,143
2,1,2018,0,-0.4688380665424933,-1.12530935080677,-0.991787753302737,-0.6494911131089095,0.30450615770651296,1_2,1_2018,0,144
2,1,2018,1,-0.4688380665424933,-1.12530935080677,-0.991787753302737,-0.6494911131089095,0.30450615770651296,1_2,1_2018,3,145
2,1,2018,2,-0.4688380665424933,-1.12530935080677,-0.991787753302737,-0.6494911131089095,0.30450615770651296,1_2,1_2018,4,146
2,1,2019,0,2.1429548619147525,-1.664297155530769,-1.4027968330512386,-0.6494911131089095,-1.391830138607162,1_2,1_2019,4,147
2,1,2019,1,2.1429548619147525,-1.664297155530769,-1.4027968330512386,-0.6494911131089095,-1.391830138607162,1_2,1_2019,2,148
2,1,2019,2,2.1429548619147525,-1.664297155530769,-1.4027968330512386,-0.6494911131089095,-1.391830138607162,1_2,1_2019,4,149
2,2,2015,0,1.043076414994755,-0.9377706182984794,-0.44224372873633505,-0.6494911131089095,-0.6774688618325941,2_2,2_2015,2,150
2,2,2015,1,1.043076414994755,-0.9377706182984794,-0.44224372873633505,-0.6494911131089095,-0.6774688618325941,2_2,2_2015,2,151
2,2,2015,2,1.043076414994755,-0.9377706182984794,-0.44224372873633505,-0.6494911131089095,-0.6774688618325941,2_2,2_2015,5,152
2,2,2016,0,0.08627809206918811,-1.2049042743103113,-0.785966194162791,-0.6494911131089095,-0.05603685405492997,2_2,2_2016,1,153
2,2,2016,1,0.08627809206918811,-1.2049042743103113,-0.785966194162791,-0.6494911131089095,-0.05603685405492997,2_2,2_2016,4,154
2,2,2016,2,0.08627809206918811,-1.2049042743103113,-0.785966194162791,-0.6494911131089095,-0.05603685405492997,2_2,2_2016,2,155
2,2,2017,0,0.5059590862303317,-0.012437559159619147,1.270999089064801,-0.6494911131089095,-0.32861593010330487,2_2,2_2017,5,156
2,2,2017,1,0.5059590862303317,-0.012437559159619147,1.270999089064801,-0.6494911131089095,-0.32861593010330487,2_2,2_2017,4,157
2,2,2017,2,0.5059590862303317,-0.012437559159619147,1.270999089064801,-0.6494911131089095,-0.32861593010330487,2_2,2_2017,5,158
2,2,2018,0,-0.4688380665424933,-1.12530935080677,-0.991787753302737,-0.6494911131089095,0.30450615770651296,2_2,2_2018,4,159
2,2,2018,1,-0.4688380665424933,-1.12530935080677,-0.991787753302737,-0.6494911131089095,0.30450615770651296,2_2,2_2018,3,160
2,2,2018,2,-0.4688380665424933,-1.12530935080677,-0.991787753302737,-0.6494911131089095,0.30450615770651296,2_2,2_2018,2,161
2,2,2019,0,2.1429548619147525,-1.664297155530769,-1.4027968330512386,-0.6494911131089095,-1.391830138607162,2_2,2_2019,2,162
2,2,2019,1,2.1429548619147525,-1.664297155530769,-1.4027968330512386,-0.6494911131089095,-1.391830138607162,2_2,2_2019,5,163
2,2,2019,2,2.1429548619147525,-1.664297155530769,-1.4027968330512386,-0.6494911131089095,-1.391830138607162,2_2,2_2019,4,164
2,3,2015,0,1.043076414994755,-0.9377706182984794,-0.44224372873633505,-0.6494911131089095,-0.6774688618325941,3_2,3_2015,4,165
2,3,2015,1,1.043076414994755,-0.9377706182984794,-0.44224372873633505,-0.6494911131089095,-0.6774688618325941,3_2,3_2015,4,166
2,3,2015,2,1.043076414994755,-0.9377706182984794,-0.44224372873633505,-0.6494911131089095,-0.6774688618325941,3_2,3_2015,3,167
2,3,2016,0,0.08627809206918811,-1.2049042743103113,-0.785966194162791,-0.6494911131089095,-0.05603685405492997,3_2,3_2016,4,168
2,3,2016,1,0.08627809206918811,-1.2049042743103113,-0.785966194162791,-0.6494911131089095,-0.05603685405492997,3_2,3_2016,3,169
2,3,2016,2,0.08627809206918811,-1.2049042743103113,-0.785966194162791,-0.6494911131089095,-0.05603685405492997,3_2,3_2016,4,170
2,3,2017,0,0.5059590862303317,-0.012437559159619147,1.270999089064801,-0.6494911131089095,-0.32861593010330487,3_2,3_2017,3,171
2,3,2017,1,0.5059590862303317,-0.012437559159619147,1.270999089064801,-0.6494911131089095,-0.32861593010330487,3_2,3_2017,0,172
2,3,2017,2,0.5059590862303317,-0.012437559159619147,1.270999089064801,-0.6494911131089095,-0.32861593010330487,3_2,3_2017,4,173
2,3,2018,0,-0.4688380665424933,-1.12530935080677,-0.991787753302737,-0.6494911131089095,0.30450615770651296,3_2,3_2018,2,174
2,3,2018,1,-0.4688380665424933,-1.12530935080677,-0.991787753302737,-0.6494911131089095,0.30450615770651296,3_2,3_2018,6,175
2,3,2018,2,-0.4688380665424933,-1.12530935080677,-0.991787753302737,-0.6494911131089095,0.30450615770651296,3_2,3_2018,1,176
2,3,2019,0,2.1429548619147525,-1.664297155530769,-1.4027968330512386,-0.6494911131089095,-1.391830138607162,3_2,3_2019,5,177
2,3,2019,1,2.1429548619147525,-1.664297155530769,-1.4027968330512386,-0.6494911131089095,-1.391830138607162,3_2,3_2019,0,178
2,3,2019,2,2.1429548619147525,-1.664297155530769,-1.4027968330512386,-0.6494911131089095,-1.391830138607162,3_2,3_2019,4,179
3,0,2015,0,-0.9930881360343269,1.7804047708218658,1.0324395807801225,0.28127172379255655,-0.279327611900312,0_3,0_2015,4,180
3,0,2015,1,-0.9930881360343269,1.7804047708218658,1.0324395807801225,0.28127172379255655,-0.279327611900312,0_3,0_2015,1,181
3,0,2015,2,-0.9930881360343269,1.7804047708218658,1.0324395807801225,0.28127172379255655,-0.279327611900312,0_3,0_2015,2,182
3,0,2016,0,-2.1124060797387165,-1.2730093955221422,-0.6182661114237109,0.28127172379255655,-0.5941600993979854,0_3,0_2016,5,183
3,0,2016,1,-2.1124060797387165,-1.2730093955221422,-0.6182661114237109,0.28127172379255655,-0.5941600993979854,0_3,0_2016,1,184
3,0,2016,2,-2.1124060797387165,-1.2730093955221422,-0.6182661114237109,0.28127172379255655,-0.5941600993979854,0_3,0_2016,4,185
3,0,2017,0,-0.5557797349785415,1.2152038503793756,-1.2817398369649613,0.28127172379255655,-0.1563251241063846,0_3,0_2017,2,186
3,0,2017,1,-0.5557797349785415,1.2152038503793756,-1.2817398369649613,0.28127172379255655,-0.1563251241063846,0_3,0_2017,3,187
3,0,2017,2,-0.5557797349785415,1.2152038503793756,-1.2817398369649613,0.28127172379255655,-0.1563251241063846,0_3,0_2017,3,188
3,0,2018,0,0.10217685513550596,0.4520846154455447,-0.2259664664506374,0.28127172379255655,0.028739460175666098,0_3,0_2018,2,189
3,0,2018,1,0.10217685513550596,0.4520846154455447,-0.2259664664506374,0.28127172379255655,0.028739460175666098,0_3,0_2018,1,190
3,0,2018,2,0.10217685513550596,0.4520846154455447,-0.2259664664506374,0.28127172379255655,0.028739460175666098,0_3,0_2018,6,191
3,0,2019,0,0.3568626652527282,-0.2960971704473972,-0.5246256627304831,0.28127172379255655,0.10037537701284094,0_3,0_2019,2,192
3,0,2019,1,0.3568626652527282,-0.2960971704473972,-0.5246256627304831,0.28127172379255655,0.10037537701284094,0_3,0_2019,4,193
3,0,2019,2,0.3568626652527282,-0.2960971704473972,-0.5246256627304831,0.28127172379255655,0.10037537701284094,0_3,0_2019,5,194
3,1,2015,0,-0.9930881360343269,1.7804047708218658,1.0324395807801225,0.28127172379255655,-0.279327611900312,1_3,1_2015,1,195
3,1,2015,1,-0.9930881360343269,1.7804047708218658,1.0324395807801225,0.28127172379255655,-0.279327611900312,1_3,1_2015,1,196
3,1,2015,2,-0.9930881360343269,1.7804047708218658,1.0324395807801225,0.28127172379255655,-0.279327611900312,1_3,1_2015,1,197
3,1,2016,0,-2.1124060797387165,-1.2730093955221422,-0.6182661114237109,0.28127172379255655,-0.5941600993979854,1_3,1_2016,1,198
3,1,2016,1,-2.1124060797387165,-1.2730093955221422,-0.6182661114237109,0.28127172379255655,-0.5941600993979854,1_3,1_2016,2,199
3,1,2016,2,-2.1124060797387165,-1.2730093955221422,-0.6182661114237109,0.28127172379255655,-0.5941600993979854,1_3,1_2016,5,200
3,1,2017,0,-0.5557797349785415,1.2152038503793756,-1.2817398369649613,0.28127172379255655,-0.1563251241063846,1_3,1_2017,0,201
3,1,2017,1,-0.5557797349785415,1.2152038503793756,-1.2817398369649613,0.28127172379255655,-0.1563251241063846,1_3,1_2017,1,202
3,1,2017,2,-0.5557797349785415,1.2152038503793756,-1.2817398369649613,0.28127172379255655,-0.1563251241063846,1_3,1_2017,2,203
3,1,2018,0,0.10217685513550596,0.4520846154455447,-0.2259664664506374,0.28127172379255655,0.028739460175666098,1_3,1_2018,1,204
3,1,2018,1,0.10217685513550596,0.4520846154455447,-0.2259664664506374,0.28127172379255655,0.028739460175666098,1_3,1_2018,1,205
3,1,2018,2,0.10217685513550596,0.4520846154455447,-0.2259664664506374,0.28127172379255655,0.028739460175666098,1_3,1_2018,2,206
3,1,2019,0,0.3568626652527282,-0.2960971704473972,-0.5246256627304831,0.28127172379255655,0.10037537701284094,1_3,1_2019,3,207
3,1,2019,1,0.3568626652527282,-0.2960971704473972,-0.5246256627304831,0.28127172379255655,0.10037537701284094,1_3,1_2019,3,208
3,1,2019,2,0.3568626652527282,-0.2960971704473972,-0.5246256627304831,0.28127172379255655,0.10037537701284094,1_3,1_2019,2,209
3,2,2015,0,-0.9930881360343269,1.7804047708218658,1.0324395807801225,0.28127172379255655,-0.279327611900312,2_3,2_2015,1,210
3,2,2015,1,-0.9930881360343269,1.7804047708218658,1.0324395807801225,0.28127172379255655,-0.279327611900312,2_3,2_2015,3,211
3,2,2015,2,-0.9930881360343269,1.7804047708218658,1.0324395807801225,0.28127172379255655,-0.279327611900312,2_3,2_2015,1,212
3,2,2016,0,-2.1124060797387165,-1.2730093955221422,-0.6182661114237109,0.28127172379255655,-0.5941600993979854,2_3,2_2016,1,213
3,2,2016,1,-2.1124060797387165,-1.2730093955221422,-0.6182661114237109,0.28127172379255655,-0.5941600993979854,2_3,2_2016,2,214
3,2,2016,2,-2.1124060797387165,-1.2730093955221422,-0.6182661114237109,0.28127172379255655,-0.5941600993979854,2_3,2_2016,0,215
3,2,2017,0,-0.5557797349785415,1.2152038503793756,-1.2817398369649613,0.28127172379255655,-0.1563251241063846,2_3,2_2017,2,216
3,2,2017,1,-0.5557797349785415,1.2152038503793756,-1.2817398369649613,0.28127172379255655,-0.1563251241063846,2_3,2_2017,3,217
3,2,2017,2,-0.5557797349785415,1.2152038503793756,-1.2817398369649613,0.28127172379255655,-0.1563251241063846,2_3,2_2017,2,218
3,2,2018,0,0.10217685513550596,0.4520846154455447,-0.2259664664506374,0.28127172379255655,0.028739460175666098,2_3,2_2018,3,219
3,2,2018,1,0.10217685513550596,0.4520846154455447,-0.2259664664506374,0.28127172379255655,0.028739460175666098,2_3,2_2018,3,220
3,2,2018,2,0.10217685513550596,0.4520846154455447,-0.2259664664506374,0.28127172379255655,0.028739460175666098,2_3,2_2018,3,221
3,2,2019,0,0.3568626652527282,-0.2960971704473972,-0.5246256627304831,0.28127172379255655,0.10037537701284094,2_3,2_2019,1,222
3,2,2019,1,0.3568626652527282,-0.2960971704473972,-0.5246256627304831,0.28127172379255655,0.10037537701284094,2_3,2_2019,5,223
3,2,2019,2,0.3568626652527282,-0.2960971704473972,-0.5246256627304831,0.28127172379255655,0.10037537701284094,2_3,2_2019,6,224
3,3,2015,0,-0.9930881360343269,1.7804047708218658,1.0324395807801225,0.28127172379255655,-0.279327611900312,3_3,3_2015,2,225
3,3,2015,1,-0.9930881360343269,1.7804047708218658,1.0324395807801225,0.28127172379255655,-0.279327611900312,3_3,3_2015,2,226
3,3,2015,2,-0.9930881360343269,1.7804047708218658,1.0324395807801225,0.28127172379255655,-0.279327611900312,3_3,3_2015,0,227
3,3,2016,0,-2.1124060797387165,-1.2730093955221422,-0.6182661114237109,0.28127172379255655,-0.5941600993979854,3_3,3_2016,7,228
3,3,2016,1,-2.1124060797387165,-1.2730093955221422,-0.6182661114237109,0.28127172379255655,-0.5941600993979854,3_3,3_2016,3,229
3,3,2016,2,-2.1124060797387165,-1.2730093955221422,-0.6182661114237109,0.28127172379255655,-0.5941600993979854,3_3,3_2016,6,230
3,3,2017,0,-0.5557797349785415,1.2152038503793756,-1.2817398369649613,0.28127172379255655,-0.1563251241063846,3_3,3_2017,4,231
3,3,2017,1,-0.5557797349785415,1.2152038503793756,-1.2817398369649613,0.28127172379255655,-0.1563251241063846,3_3,3_2017,0,232
3,3,2017,2,-0.5557797349785415,1.2152038503793756,-1.2817398369649613,0.28127172379255655,-0.1563251241063846,3_3,3_2017,1,233
3,3,2018,0,0.10217685513550596,0.4520846154455447,-0.2259664664506374,0.28127172379255655,0.028739460175666098,3_3,3_2018,1,234
3,3,2018,1,0.10217685513550596,0.4520846154455447,-0.2259664664506374,0.28127172379255655,0.028739460175666098,3_3,3_2018,7,235
3,3,2018,2,0.10217685513550596,0.4520846154455447,-0.2259664664506374,0.28127172379255655,0.028739460175666098,3_3,3_2018,3,236
3,3,2019,0,0.3568626652527282,-0.2960971704473972,-0.5246256627304831,0.28127172379255655,0.10037537701284094,3_3,3_2019,1,237
3,3,2019,1,0.3568626652527282,-0.2960971704473972,-0.5246256627304831,0.28127172379255655,0.10037537701284094,3_3,3_2019,3,238
3,3,2019,2,0.3568626652527282,-0.2960971704473972,-0.5246256627304831,0.28127172379255655,0.10037537701284094,3_3,3_2019,5,239
4,0,2015,0,2.0473748408494745,0.6673293234776564,-1.328052943612656,0.15178854216800228,0.3107680423639874,0_4,0_2015,2,240
4,0,2015,1,2.0473748408494745,0.6673293234776564,-1.328052943612656,0.15178854216800228,0.3107680423639874,0_4,0_2015,2,241
4,0,2015,2,2.0473748408494745,0.6673293234776564,-1.328052943612656,0.15178854216800228,0.3107680423639874,0_4,0_2015,3,242
4,0,2016,0,0.467909687135079,-0.8671158732179087,-1.463130844789615,0.15178854216800228,0.07102332927651969,0_4,0_2016,2,243
4,0,2016,1,0.467909687135079,-0.8671158732179087,-1.463130844789615,0.15178854216800228,0.07102332927651969,0_4,0_2016,3,244
4,0,2016,2,0.467909687135079,-0.8671158732179087,-1.463130844789615,0.15178854216800228,0.07102332927651969,0_4,0_2016,1,245
4,0,2017,0,-0.8104575151446294,1.5714603340509383,-1.1032910013567498,0.15178854216800228,-0.12301816471290491,0_4,0_2017,2,246
4,0,2017,1,-0.8104575151446294,1.5714603340509383,-1.1032910013567498,0.15178854216800228,-0.12301816471290491,0_4,0_2017,2,247
4,0,2017,2,-0.8104575151446294,1.5714603340509383,-1.1032910013567498,0.15178854216800228,-0.12301816471290491,0_4,0_2017,1,248
4,0,2018,0,-0.7718188669657501,0.19771927699797712,-1.5016680081664218,0.15178854216800228,-0.1171532606344905,0_4,0_2018,1,249
4,0,2018,1,-0.7718188669657501,0.19771927699797712,-1.5016680081664218,0.15178854216800228,-0.1171532606344905,0_4,0_2018,5,250
4,0,2018,2,-0.7718188669657501,0.19771927699797712,-1.5016680081664218,0.15178854216800228,-0.1171532606344905,0_4,0_2018,2,251
4,0,2019,0,-0.2558744288664168,0.5669532551316322,-0.7666190019004658,0.15178854216800228,-0.03883880653570361,0_4,0_2019,3,252
4,0,2019,1,-0.2558744288664168,0.5669532551316322,-0.7666190019004658,0.15178854216800228,-0.03883880653570361,0_4,0_2019,0,253
4,0,2019,2,-0.2558744288664168,0.5669532551316322,-0.7666190019004658,0.15178854216800228,-0.03883880653570361,0_4,0_2019,1,254
4,1,2015,0,2.0473748408494745,0.6673293234776564,-1.328052943612656,0.15178854216800228,0.3107680423639874,1_4,1_2015,3,255
4,1,2015,1,2.0473748408494745,0.6673293234776564,-1.328052943612656,0.15178854216800228,0.3107680423639874,1_4,1_2015,6,256
4,1,2015,2,2.0473748408494745,0.6673293234776564,-1.328052943612656,0.15178854216800228,0.3107680423639874,1_4,1_2015,3,257
4,1,2016,0,0.467909687135079,-0.8671158732179087,-1.463130844789615,0.15178854216800228,0.07102332927651969,1_4,1_2016,1,258
4,1,2016,1,0.467909687135079,-0.8671158732179087,-1.463130844789615,0.15178854216800228,0.07102332927651969,1_4,1_2016,3,259
4,1,2016,2,0.467909687135079,-0.8671158732179087,-1.463130844789615,0.15178854216800228,0.07102332927651969,1_4,1_2016,9,260
4,1,2017,0,-0.8104575151446294,1.5714603340509383,-1.1032910013567498,0.15178854216800228,-0.12301816471290491,1_4,1_2017,0,261
4,1,2017,1,-0.8104575151446294,1.5714603340509383,-1.1032910013567498,0.15178854216800228,-0.12301816471290491,1_4,1_2017,3,262
4,1,2017,2,-0.8104575151446294,1.5714603340509383,-1.1032910013567498,0.15178854216800228,-0.12301816471290491,1_4,1_2017,1,263
4,1,2018,0,-0.7718188669657501,0.19771927699797712,-1.5016680081664218,0.15178854216800228,-0.1171532606344905,1_4,1_2018,2,264
4,1,2018,1,-0.7718188669657501,0.19771927699797712,-1.5016680081664218,0.15178854216800228,-0.1171532606344905,1_4,1_2018,1,265
4,1,2018,2,-0.7718188669657501,0.19771927699797712,-1.5016680081664218,0.15178854216800228,-0.1171532606344905,1_4,1_2018,5,266
4,1,2019,0,-0.2558744288664168,0.5669532551316322,-0.7666190019004658,0.15178854216800228,-0.03883880653570361,1_4,1_2019,3,267
4,1,2019,1,-0.2558744288664168,0.5669532551316322,-0.7666190019004658,0.15178854216800228,-0.03883880653570361,1_4,1_2019,2,268
4,1,2019,2,-0.2558744288664168,0.5669532551316322,-0.7666190019004658,0.15178854216800228,-0.03883880653570361,1_4,1_2019,4,269
4,2,2015,0,2.0473748408494745,0.6673293234776564,-1.328052943612656,0.15178854216800228,0.3107680423639874,2_4,2_2015,1,270
4,2,2015,1,2.0473748408494745,0.6673293234776564,-1.328052943612656,0.15178854216800228,0.3107680423639874,2_4,2_2015,2,271
4,2,2015,2,2.0473748408494745,0.6673293234776564,-1.328052943612656,0.15178854216800228,0.3107680423639874,2_4,2_2015,4,272
4,2,2016,0,0.467909687135079,-0.8671158732179087,-1.463130844789615,0.15178854216800228,0.07102332927651969,2_4,2_2016,2,273
4,2,2016,1,0.467909687135079,-0.8671158732179087,-1.463130844789615,0.15178854216800228,0.07102332927651969,2_4,2_2016,1,274
4,2,2016,2,0.467909687135079,-0.8671158732179087,-1.463130844789615,0.15178854216800228,0.07102332927651969,2_4,2_2016,6,275
4,2,2017,0,-0.8104575151446294,1.5714603340509383,-1.1032910013567498,0.15178854216800228,-0.12301816471290491,2_4,2_2017,3,276
4,2,2017,1,-0.8104575151446294,1.5714603340509383,-1.1032910013567498,0.15178854216800228,-0.12301816471290491,2_4,2_2017,0,277
4,2,2017,2,-0.8104575151446294,1.5714603340509383,-1.1032910013567498,0.15178854216800228,-0.12301816471290491,2_4,2_2017,0,278
4,2,2018,0,-0.7718188669657501,0.19771927699797712,-1.5016680081664218,0.15178854216800228,-0.1171532606344905,2_4,2_2018,1,279
4,2,2018,1,-0.7718188669657501,0.19771927699797712,-1.5016680081664218,0.15178854216800228,-0.1171532606344905,2_4,2_2018,1,280
4,2,2018,2,-0.7718188669657501,0.19771927699797712,-1.5016680081664218,0.15178854216800228,-0.1171532606344905,2_4,2_2018,2,281
4,2,2019,0,-0.2558744288664168,0.5669532551316322,-0.7666190019004658,0.15178854216800228,-0.03883880653570361,2_4,2_2019,0,282
4,2,2019,1,-0.2558744288664168,0.5669532551316322,-0.7666190019004658,0.15178854216800228,-0.03883880653570361,2_4,2_2019,1,283
4,2,2019,2,-0.2558744288664168,0.5669532551316322,-0.7666190019004658,0.15178854216800228,-0.03883880653570361,2_4,2_2019,4,284
4,3,2015,0,2.0473748408494745,0.6673293234776564,-1.328052943612656,0.15178854216800228,0.3107680423639874,3_4,3_2015,2,285
4,3,2015,1,2.0473748408494745,0.6673293234776564,-1.328052943612656,0.15178854216800228,0.3107680423639874,3_4,3_2015,4,286
4,3,2015,2,2.0473748408494745,0.6673293234776564,-1.328052943612656,0.15178854216800228,0.3107680423639874,3_4,3_2015,2,287
4,3,2016,0,0.467909687135079,-0.8671158732179087,-1.463130844789615,0.15178854216800228,0.07102332927651969,3_4,3_2016,2,288
4,3,2016,1,0.467909687135079,-0.8671158732179087,-1.463130844789615,0.15178854216800228,0.07102332927651969,3_4,3_2016,6,289
4,3,2016,2,0.467909687135079,-0.8671158732179087,-1.463130844789615,0.15178854216800228,0.07102332927651969,3_4,3_2016,4,290
4,3,2017,0,-0.8104575151446294,1.5714603340509383,-1.1032910013567498,0.15178854216800228,-0.12301816471290491,3_4,3_2017,0,291
4,3,2017,1,-0.8104575151446294,1.5714603340509383,-1.1032910013567498,0.15178854216800228,-0.12301816471290491,3_4,3_2017,2,292
4,3,2017,2,-0.8104575151446294,1.5714603340509383,-1.1032910013567498,0.15178854216800228,-0.12301816471290491,3_4,3_2017,1,293
4,3,2018,0,-0.7718188669657501,0.19771927699797712,-1.5016680081664218,0.15178854216800228,-0.1171532606344905,3_4,3_2018,4,294
4,3,2018,1,-0.7718188669657501,0.19771927699797712,-1.5016680081664218,0.15178854216800228,-0.1171532606344905,3_4,3_2018,0,295
4,3,2018,2,-0.7718188669657501,0.19771927699797712,-1.5016680081664218,0.15178854216800228,-0.1171532606344905,3_4,3_2018,4,296
4,3,2019,0,-0.2558744288664168,0.5669532551316322,-0.7666190019004658,0.15178854216800228,-0.03883880653570361,3_4,3_2019,4,297
4,3,2019,1,-0.2558744288664168,0.5669532551316322,-0.7666190019004658,0.15178854216800228,-0.03883880653570361,3_4,3_2019,5,298
4,3,2019,2,-0.2558744288664168,0.5669532551316322,-0.7666190019004658,0.15178854216800228,-0.03883880653570361,3_4,3_2019,2,299
5,0,2015,0,1.4583515351478544,-0.3002277434670953,-1.5030165103478117,-2.3145777144263855,-3.3754679630527313,0_5,0_2015,0,300
5,0,2015,1,1.4583515351478544,-0.3002277434670953,-1.5030165103478117,-2.3145777144263855,-3.3754679630527313,0_5,0_2015,3,301
5,0,2015,2,1.4583515351478544,-0.3002277434670953,-1.5030165103478117,-2.3145777144263855,-3.3754679630527313,0_5,0_2015,0,302
5,0,2016,0,0.7239716961493985,-0.16003873744132086,0.6079099241811527,-2.3145777144263855,-1.6756887537828684,0_5,0_2016,2,303
5,0,2016,1,0.7239716961493985,-0.16003873744132086,0.6079099241811527,-2.3145777144263855,-1.6756887537828684,0_5,0_2016,0,304
5,0,2016,2,0.7239716961493985,-0.16003873744132086,0.6079099241811527,-2.3145777144263855,-1.6756887537828684,0_5,0_2016,4,305
5,0,2017,0,-1.5020984797930028,-0.2781401247236874,0.07097674537329024,-2.3145777144263855,3.476723666202637,0_5,0_2017,8,306
5,0,2017,1,-1.5020984797930028,-0.2781401247236874,0.07097674537329024,-2.3145777144263855,3.476723666202637,0_5,0_2017,7,307
5,0,2017,2,-1.5020984797930028,-0.2781401247236874,0.07097674537329024,-2.3145777144263855,3.476723666202637,0_5,0_2017,6,308
5,0,2018,0,0.405428036250581,-0.3258874854200031,0.43298402372219563,-2.3145777144263855,-0.9383946975092475,0_5,0_2018,2,309
5,0,2018,1,0.405428036250581,-0.3258874854200031,0.43298402372219563,-2.3145777144263855,-0.9383946975092475,0_5,0_2018,4,310
5,0,2018,2,0.405428036250581,-0.3258874854200031,0.43298402372219563,-2.3145777144263855,-0.9383946975092475,0_5,0_2018,2,311
5,0,2019,0,-2.0192568005883325,-1.6279483978712146,-1.0343778371527086,-2.3145777144263855,4.673726790345678,0_5,0_2019,1,312
5,0,2019,1,-2.0192568005883325,-1.6279483978712146,-1.0343778371527086,-2.3145777144263855,4.673726790345678,0_5,0_2019,7,313
5,0,2019,2,-2.0192568005883325,-1.6279483978712146,-1.0343778371527086,-2.3145777144263855,4.673726790345678,0_5,0_2019,6,314
5,1,2015,0,1.4583515351478544,-0.3002277434670953,-1.5030165103478117,-2.3145777144263855,-3.3754679630527313,1_5,1_2015,2,315
5,1,2015,1,1.4583515351478544,-0.3002277434670953,-1.5030165103478117,-2.3145777144263855,-3.3754679630527313,1_5,1_2015,1,316
5,1,2015,2,1.4583515351478544,-0.3002277434670953,-1.5030165103478117,-2.3145777144263855,-3.3754679630527313,1_5,1_2015,0,317
5,1,2016,0,0.7239716961493985,-0.16003873744132086,0.6079099241811527,-2.3145777144263855,-1.6756887537828684,1_5,1_2016,0,318
5,1,2016,1,0.7239716961493985,-0.16003873744132086,0.6079099241811527,-2.3145777144263855,-1.6756887537828684,1_5,1_2016,2,319
5,1,2016,2,0.7239716961493985,-0.16003873744132086,0.6079099241811527,-2.3145777144263855,-1.6756887537828684,1_5,1_2016,0,320
5,1,2017,0,-1.5020984797930028,-0.2781401247236874,0.07097674537329024,-2.3145777144263855,3.476723666202637,1_5,1_2017,6,321
5,1,2017,1,-1.5020984797930028,-0.2781401247236874,0.07097674537329024,-2.3145777144263855,3.476723666202637,1_5,1_2017,4,322
5,1,2017,2,-1.5020984797930028,-0.2781401247236874,0.07097674537329024,-2.3145777144263855,3.476723666202637,1_5,1_2017,7,323
5,1,2018,0,0.405428036250581,-0.3258874854200031,0.43298402372219563,-2.3145777144263855,-0.9383946975092475,1_5,1_2018,1,324
5,1,2018,1,0.405428036250581,-0.3258874854200031,0.43298402372219563,-2.3145777144263855,-0.9383946975092475,1_5,1_2018,2,325
5,1,2018,2,0.405428036250581,-0.3258874854200031,0.43298402372219563,-2.3145777144263855,-0.9383946975092475,1_5,1_2018,1,326
5,1,2019,0,-2.0192568005883325,-1.6279483978712146,-1.0343778371527086,-2.3145777144263855,4.673726790345678,1_5,1_2019,5,327
5,1,2019,1,-2.0192568005883325,-1.6279483978712146,-1.0343778371527086,-2.3145777144263855,4.673726790345678,1_5,1_2019,4,328
5,1,2019,2,-2.0192568005883325,-1.6279483978712146,-1.0343778371527086,-2.3145777144263855,4.673726790345678,1_5,1_2019,10,329
5,2,2015,0,1.4583515351478544,-0.3002277434670953,-1.5030165103478117,-2.3145777144263855,-3.3754679630527313,2_5,2_2015,1,330
5,2,2015,1,1.4583515351478544,-0.3002277434670953,-1.5030165103478117,-2.3145777144263855,-3.3754679630527313,2_5,2_2015,1,331
5,2,2015,2,1.4583515351478544,-0.3002277434670953,-1.5030165103478117,-2.3145777144263855,-3.3754679630527313,2_5,2_2015,2,332
5,2,2016,0,0.7239716961493985,-0.16003873744132086,0.6079099241811527,-2.3145777144263855,-1.6756887537828684,2_5,2_2016,0,333
5,2,2016,1,0.7239716961493985,-0.16003873744132086,0.6079099241811527,-2.3145777144263855,-1.6756887537828684,2_5,2_2016,2,334
5,2,2016,2,0.7239716961493985,-0.16003873744132086,0.6079099241811527,-2.3145777144263855,-1.6756887537828684,2_5,2_2016,0,335
5,2,2017,0,-1.5020984797930028,-0.2781401247236874,0.07097674537329024,-2.3145777144263855,3.476723666202637,2_5,2_2017,4,336
5,2,2017,1,-1.5020984797930028,-0.2781401247236874,0.07097674537329024,-2.3145777144263855,3.476723666202637,2_5,2_2017,4,337
5,2,2017,2,-1.5020984797930028,-0.2781401247236874,0.07097674537329024,-2.3145777144263855,3.476723666202637,2_5,2_2017,5,338
5,2,2018,0,0.405428036250581,-0.3258874854200031,0.43298402372219563,-2.3145777144263855,-0.9383946975092475,2_5,2_2018,4,339
5,2,2018,1,0.405428036250581,-0.3258874854200031,0.43298402372219563,-2.3145777144263855,-0.9383946975092475,2_5,2_2018,3,340
5,2,2018,2,0.405428036250581,-0.3258874854200031,0.43298402372219563,-2.3145777144263855,-0.9383946975092475,2_5,2_2018,3,341
5,2,2019,0,-2.0192568005883325,-1.6279483978712146,-1.0343778371527086,-2.3145777144263855,4.673726790345678,2_5,2_2019,2,342
5,2,2019,1,-2.0192568005883325,-1.6279483978712146,-1.0343778371527086,-2.3145777144263855,4.673726790345678,2_5,2_2019,4,343
5,2,2019,2,-2.0192568005883325,-1.6279483978712146,-1.0343778371527086,-2.3145777144263855,4.673726790345678,2_5,2_2019,4,344
5,3,2015,0,1.4583515351478544,-0.3002277434670953,-1.5030165103478117,-2.3145777144263855,-3.3754679630527313,3_5,3_2015,2,345
5,3,2015,1,1.4583515351478544,-0.3002277434670953,-1.5030165103478117,-2.3145777144263855,-3.3754679630527313,3_5,3_2015,1,346
5,3,2015,2,1.4583515351478544,-0.3002277434670953,-1.5030165103478117,-2.3145777144263855,-3.3754679630527313,3_5,3_2015,0,347
5,3,2016,0,0.7239716961493985,-0.16003873744132086,0.6079099241811527,-2.3145777144263855,-1.6756887537828684,3_5,3_2016,1,348
5,3,2016,1,0.7239716961493985,-0.16003873744132086,0.6079099241811527,-2.3145777144263855,-1.6756887537828684,3_5,3_2016,4,349
5,3,2016,2,0.7239716961493985,-0.16003873744132086,0.6079099241811527,-2.3145777144263855,-1.6756887537828684,3_5,3_2016,2,350
5,3,2017,0,-1.5020984797930028,-0.2781401247236874,0.07097674537329024,-2.3145777144263855,3.476723666202637,3_5,3_2017,3,351
5,3,2017,1,-1.5020984797930028,-0.2781401247236874,0.07097674537329024,-2.3145777144263855,3.476723666202637,3_5,3_2017,3,352
5,3,2017,2,-1.5020984797930028,-0.2781401247236874,0.07097674537329024,-2.3145777144263855,3.476723666202637,3_5,3_2017,6,353
5,3,2018,0,0.405428036250581,-0.3258874854200031,0.43298402372219563,-2.3145777144263855,-0.9383946975092475,3_5,3_2018,2,354
5,3,2018,1,0.405428036250581,-0.3258874854200031,0.43298402372219563,-2.3145777144263855,-0.9383946975092475,3_5,3_2018,2,355
5,3,2018,2,0.405428036250581,-0.3258874854200031,0.43298402372219563,-2.3145777144263855,-0.9383946975092475,3_5,3_2018,3,356
5,3,2019,0,-2.0192568005883325,-1.6279483978712146,-1.0343778371527086,-2.3145777144263855,4.673726790345678,3_5,3_2019,7,357
5,3,2019,1,-2.0192568005883325,-1.6279483978712146,-1.0343778371527086,-2.3145777144263855,4.673726790345678,3_5,3_2019,2,358
5,3,2019,2,-2.0192568005883325,-1.6279483978712146,-1.0343778371527086,-2.3145777144263855,4.673726790345678,3_5,3_2019,9,359
6,0,2015,0,-2.3032813746249077,0.43462066568479535,-0.035434445462564995,-1.6608983375162671,3.8255162059466916,0_6,0_2015,4,360
6,0,2015,1,-2.3032813746249077,0.43462066568479535,-0.035434445462564995,-1.6608983375162671,3.8255162059466916,0_6,0_2015,3,361
6,0,2015,2,-2.3032813746249077,0.43462066568479535,-0.035434445462564995,-1.6608983375162671,3.8255162059466916,0_6,0_2015,5,362
6,0,2016,0,0.6510710001823734,-0.16563045080485586,-1.7073174299819924,-1.6608983375162671,-1.0813627418079572,0_6,0_2016,3,363
6,0,2016,1,0.6510710001823734,-0.16563045080485586,-1.7073174299819924,-1.6608983375162671,-1.0813627418079572,0_6,0_2016,1,364
6,0,2016,2,0.6510710001823734,-0.16563045080485586,-1.7073174299819924,-1.6608983375162671,-1.0813627418079572,0_6,0_2016,1,365
6,0,2017,0,1.238095715455485,-2.5076759489847045,2.0338506540849015,-1.6608983375162671,-2.0563511154860286,0_6,0_2017,4,366
6,0,2017,1,1.238095715455485,-2.5076759489847045,2.0338506540849015,-1.6608983375162671,-2.0563511154860286,0_6,0_2017,2,367
6,0,2017,2,1.238095715455485,-2.5076759489847045,2.0338506540849015,-1.6608983375162671,-2.0563511154860286,0_6,0_2017,3,368
6,0,2018,0,0.9950309636292828,-1.071330801407321,0.2516633263454463,-1.6608983375162671,-1.652645273269085,0_6,0_2018,0,369
6,0,2018,1,0.9950309636292828,-1.071330801407321,0.2516633263454463,-1.6608983375162671,-1.652645273269085,0_6,0_2018,1,370
6,0,2018,2,0.9950309636292828,-1.071330801407321,0.2516633263454463,-1.6608983375162671,-1.652645273269085,0_6,0_2018,2,371
6,0,2019,0,1.3501356517714092,0.14486779816890297,-0.9563708395214536,-1.6608983375162671,-2.2424380594485753,0_6,0_2019,1,372
6,0,2019,1,1.3501356517714092,0.14486779816890297,-0.9563708395214536,-1.6608983375162671,-2.2424380594485753,0_6,0_2019,4,373
6,0,2019,2,1.3501356517714092,0.14486779816890297,-0.9563708395214536,-1.6608983375162671,-2.2424380594485753,0_6,0_2019,0,374
6,1,2015,0,-2.3032813746249077,0.43462066568479535,-0.035434445462564995,-1.6608983375162671,3.8255162059466916,1_6,1_2015,4,375
6,1,2015,1,-2.3032813746249077,0.43462066568479535,-0.035434445462564995,-1.6608983375162671,3.8255162059466916,1_6,1_2015,6,376
6,1,2015,2,-2.3032813746249077,0.43462066568479535,-0.035434445462564995,-1.6608983375162671,3.8255162059466916,1_6,1_2015,4,377
6,1,2016,0,0.6510710001823734,-0.16563045080485586,-1.7073174299819924,-1.6608983375162671,-1.0813627418079572,1_6,1_2016,1,378
6,1,2016,1,0.6510710001823734,-0.16563045080485586,-1.7073174299819924,-1.6608983375162671,-1.0813627418079572,1_6,1_2016,4,379
6,1,2016,2,0.6510710001823734,-0.16563045080485586,-1.7073174299819924,-1.6608983375162671,-1.0813627418079572,1_6,1_2016,2,380
6,1,2017,0,1.238095715455485,-2.5076759489847045,2.0338506540849015,-1.6608983375162671,-2.0563511154860286,1_6,1_2017,3,381
6,1,2017,1,1.238095715455485,-2.5076759489847045,2.0338506540849015,-1.6608983375162671,-2.0563511154860286,1_6,1_2017,0,382
6,1,2017,2,1.238095715455485,-2.5076759489847045,2.0338506540849015,-1.6608983375162671,-2.0563511154860286,1_6,1_2017,1,383
6,1,2018,0,0.9950309636292828,-1.071330801407321,0.2516633263454463,-1.6608983375162671,-1.652645273269085,1_6,1_2018,5,384
6,1,2018,1,0.9950309636292828,-1.071330801407321,0.2516633263454463,-1.6608983375162671,-1.652645273269085,1_6,1_2018,2,385
6,1,2018,2,0.9950309636292828,-1.071330801407321,0.2516633263454463,-1.6608983375162671,-1.652645273269085,1_6,1_2018,0,386
6,1,2019,0,1.3501356517714092,0.14486779816890297,-0.9563708395214536,-1.6608983375162671,-2.2424380594485753,1_6,1_2019,4,387
6,1,2019,1,1.3501356517714092,0.14486779816890297,-0.9563708395214536,-1.6608983375162671,-2.2424380594485753,1_6,1_2019,5,388
6,1,2019,2,1.3501356517714092,0.14486779816890297,-0.9563708395214536,-1.6608983375162671,-2.2424380594485753,1_6,1_2019,2,389
6,2,2015,0,-2.3032813746249077,0.43462066568479535,-0.035434445462564995,-1.6608983375162671,3.8255162059466916,2_6,2_2015,8,390
6,2,2015,1,-2.3032813746249077,0.43462066568479535,-0.035434445462564995,-1.6608983375162671,3.8255162059466916,2_6,2_2015,4,391
6,2,2015,2,-2.3032813746249077,0.43462066568479535,-0.035434445462564995,-1.6608983375162671,3.8255162059466916,2_6,2_2015,5,392
6,2,2016,0,0.6510710001823734,-0.16563045080485586,-1.7073174299819924,-1.6608983375162671,-1.0813627418079572,2_6,2_2016,1,393
6,2,2016,1,0.6510710001823734,-0.16563045080485586,-1.7073174299819924,-1.6608983375162671,-1.0813627418079572,2_6,2_2016,3,394
6,2,2016,2,0.6510710001823734,-0.16563045080485586,-1.7073174299819924,-1.6608983375162671,-1.0813627418079572,2_6,2_2016,3,395
6,2,2017,0,1.238095715455485,-2.5076759489847045,2.0338506540849015,-1.6608983375162671,-2.0563511154860286,2_6,2_2017,2,396
6,2,2017,1,1.238095715455485,-2.5076759489847045,2.0338506540849015,-1.6608983375162671,-2.0563511154860286,2_6,2_2017,5,397
6,2,2017,2,1.238095715455485,-2.5076759489847045,2.0338506540849015,-1.6608983375162671,-2.0563511154860286,2_6,2_2017,1,398
6,2,2018,0,0.9950309636292828,-1.071330801407321,0.2516633263454463,-1.6608983375162671,-1.652645273269085,2_6,2_2018,5,399
6,2,2018,1,0.9950309636292828,-1.071330801407321,0.2516633263454463,-1.6608983375162671,-1.652645273269085,2_6,2_2018,3,400
6,2,2018,2,0.9950309636292828,-1.071330801407321,0.2516633263454463,-1.6608983375162671,-1.652645273269085,2_6,2_2018,3,401
6,2,2019,0,1.3501356517714092,0.14486779816890297,-0.9563708395214536,-1.6608983375162671,-2.2424380594485753,2_6,2_2019,1,402
6,2,2019,1,1.3501356517714092,0.14486779816890297,-0.9563708395214536,-1.6608983375162671,-2.2424380594485753,2_6,2_2019,4,403
6,2,2019,2,1.3501356517714092,0.14486779816890297,-0.9563708395214536,-1.6608983375162671,-2.2424380594485753,2_6,2_2019,1,404
6,3,2015,0,-2.3032813746249077,0.43462066568479535,-0.035434445462564995,-1.6608983375162671,3.8255162059466916,3_6,3_2015,8,405
6,3,2015,1,-2.3032813746249077,0.43462066568479535,-0.035434445462564995,-1.6608983375162671,3.8255162059466916,3_6,3_2015,2,406
6,3,2015,2,-2.3032813746249077,0.43462066568479535,-0.035434445462564995,-1.6608983375162671,3.8255162059466916,3_6,3_2015,2,407
6,3,2016,0,0.6510710001823734,-0.16563045080485586,-1.7073174299819924,-1.6608983375162671,-1.0813627418079572,3_6,3_2016,5,408
6,3,2016,1,0.6510710001823734,-0.16563045080485586,-1.7073174299819924,-1.6608983375162671,-1.0813627418079572,3_6,3_2016,4,409
6,3,2016,2,0.6510710001823734,-0.16563045080485586,-1.7073174299819924,-1.6608983375162671,-1.0813627418079572,3_6,3_2016,1,410
6,3,2017,0,1.238095715455485,-2.5076759489847045,2.0338506540849015,-1.6608983375162671,-2.0563511154860286,3_6,3_2017,3,411
6,3,2017,1,1.238095715455485,-2.5076759489847045,2.0338506540849015,-1.6608983375162671,-2.0563511154860286,3_6,3_2017,3,412
6,3,2017,2,1.238095715455485,-2.5076759489847045,2.0338506540849015,-1.6608983375162671,-2.0563511154860286,3_6,3_2017,3,413
6,3,2018,0,0.9950309636292828,-1.071330801407321,0.2516633263454463,-1.6608983375162671,-1.652645273269085,3_6,3_2018,4,414
6,3,2018,1,0.9950309636292828,-1.071330801407321,0.2516633263454463,-1.6608983375162671,-1.652645273269085,3_6,3_2018,2,415
6,3,2018,2,0.9950309636292828,-1.071330801407321,0.2516633263454463,-1.6608983375162671,-1.652645273269085,3_6,3_2018,3,416
6,3,2019,0,1.3501356517714092,0.14486779816890297,-0.9563708395214536,-1.6608983375162671,-2.2424380594485753,3_6,3_2019,4,417
6,3,2019,1,1.3501356517714092,0.14486779816890297,-0.9563708395214536,-1.6608983375162671,-2.2424380594485753,3_6,3_2019,3,418
6,3,2019,2,1.3501356517714092,0.14486779816890297,-0.9563708395214536,-1.6608983375162671,-2.2424380594485753,3_6,3_2019,1,419
7,0,2015,0,-0.34981920757896745,-1.0892480404367824,-0.15316789042682719,0.49864094222838834,-0.1744341792767645,0_7,0_2015,4,420
7,0,2015,1,-0.34981920757896745,-1.0892480404367824,-0.15316789042682719,0.49864094222838834,-0.1744341792767645,0_7,0_2015,4,421
7,0,2015,2,-0.34981920757896745,-1.0892480404367824,-0.15316789042682719,0.49864094222838834,-0.1744341792767645,0_7,0_2015,3,422
7,0,2016,0,0.42564985056356736,-0.10977077517915496,-1.7959755122910617,0.49864094222838834,0.21224644254438993,0_7,0_2016,3,423
7,0,2016,1,0.42564985056356736,-0.10977077517915496,-1.7959755122910617,0.49864094222838834,0.21224644254438993,0_7,0_2016,3,424
7,0,2016,2,0.42564985056356736,-0.10977077517915496,-1.7959755122910617,0.49864094222838834,0.21224644254438993,0_7,0_2016,4,425
7,0,2017,0,-1.1974709570508781,-0.4241606982840622,0.9576555951146716,0.49864094222838834,-0.5971080463149798,0_7,0_2017,0,426
7,0,2017,1,-1.1974709570508781,-0.4241606982840622,0.9576555951146716,0.49864094222838834,-0.5971080463149798,0_7,0_2017,2,427
7,0,2017,2,-1.1974709570508781,-0.4241606982840622,0.9576555951146716,0.49864094222838834,-0.5971080463149798,0_7,0_2017,2,428
7,0,2018,0,-0.5091092400787912,-0.8589556562114494,0.6676664076084465,0.49864094222838834,-0.2538627111700672,0_7,0_2018,3,429
7,0,2018,1,-0.5091092400787912,-0.8589556562114494,0.6676664076084465,0.49864094222838834,-0.2538627111700672,0_7,0_2018,3,430
7,0,2018,2,-0.5091092400787912,-0.8589556562114494,0.6676664076084465,0.49864094222838834,-0.2538627111700672,0_7,0_2018,3,431
7,0,2019,0,-1.0399011996322212,-1.2343090234453595,1.8249324515234475,0.49864094222838834,-0.5185373140090421,0_7,0_2019,1,432
7,0,2019,1,-1.0399011996322212,-1.2343090234453595,1.8249324515234475,0.49864094222838834,-0.5185373140090421,0_7,0_2019,3,433
7,0,2019,2,-1.0399011996322212,-1.2343090234453595,1.8249324515234475,0.49864094222838834,-0.5185373140090421,0_7,0_2019,2,434
7,1,2015,0,-0.34981920757896745,-1.0892480404367824,-0.15316789042682719,0.49864094222838834,-0.1744341792767645,1_7,1_2015,1,435
7,1,2015,1,-0.34981920757896745,-1.0892480404367824,-0.15316789042682719,0.49864094222838834,-0.1744341792767645,1_7,1_2015,3,436
7,1,2015,2,-0.34981920757896745,-1.0892480404367824,-0.15316789042682719,0.49864094222838834,-0.1744341792767645,1_7,1_2015,2,437
7,1,2016,0,0.42564985056356736,-0.10977077517915496,-1.7959755122910617,0.49864094222838834,0.21224644254438993,1_7,1_2016,3,438
7,1,2016,1,0.42564985056356736,-0.10977077517915496,-1.7959755122910617,0.49864094222838834,0.21224644254438993,1_7,1_2016,3,439
7,1,2016,2,0.42564985056356736,-0.10977077517915496,-1.7959755122910617,0.49864094222838834,0.21224644254438993,1_7,1_2016,4,440
7,1,2017,0,-1.1974709570508781,-0.4241606982840622,0.9576555951146716,0.49864094222838834,-0.5971080463149798,1_7,1_2017,1,441
7,1,2017,1,-1.1974709570508781,-0.4241606982840622,0.9576555951146716,0.49864094222838834,-0.5971080463149798,1_7,1_2017,1,442
7,1,2017,2,-1.1974709570508781,-0.4241606982840622,0.9576555951146716,0.49864094222838834,-0.5971080463149798,1_7,1_2017,2,443
7,1,2018,0,-0.5091092400787912,-0.8589556562114494,0.6676664076084465,0.49864094222838834,-0.2538627111700672,1_7,1_2018,1,444
7,1,2018,1,-0.5091092400787912,-0.8589556562114494,0.6676664076084465,0.49864094222838834,-0.2538627111700672,1_7,1_2018,0,445
7,1,2018,2,-0.5091092400787912,-0.8589556562114494,0.6676664076084465,0.49864094222838834,-0.2538627111700672,1_7,1_2018,3,446
7,1,2019,0,-1.0399011996322212,-1.2343090234453595,1.8249324515234475,0.49864094222838834,-0.5185373140090421,1_7,1_2019,2,447
7,1,2019,1,-1.0399011996322212,-1.2343090234453595,1.8249324515234475,0.49864094222838834,-0.5185373140090421,1_7,1_2019,5,448
7,1,2019,2,-1.0399011996322212,-1.2343090234453595,1.8249324515234475,0.49864094222838834,-0.5185373140090421,1_7,1_2019,2,449
7,2,2015,0,-0.34981920757896745,-1.0892480404367824,-0.15316789042682719,0.49864094222838834,-0.1744341792767645,2_7,2_2015,3,450
7,2,2015,1,-0.34981920757896745,-1.0892480404367824,-0.15316789042682719,0.49864094222838834,-0.1744341792767645,2_7,2_2015,4,451
7,2,2015,2,-0.34981920757896745,-1.0892480404367824,-0.15316789042682719,0.49864094222838834,-0.1744341792767645,2_7,2_2015,0,452
7,2,2016,0,0.42564985056356736,-0.10977077517915496,-1.7959755122910617,0.49864094222838834,0.21224644254438993,2_7,2_2016,1,453
7,2,2016,1,0.42564985056356736,-0.10977077517915496,-1.7959755122910617,0.49864094222838834,0.21224644254438993,2_7,2_2016,2,454
7,2,2016,2,0.42564985056356736,-0.10977077517915496,-1.7959755122910617,0.49864094222838834,0.21224644254438993,2_7,2_2016,4,455
7,2,2017,0,-1.1974709570508781,-0.4241606982840622,0.9576555951146716,0.49864094222838834,-0.5971080463149798,2_7,2_2017,7,456
7,2,2017,1,-1.1974709570508781,-0.4241606982840622,0.9576555951146716,0.49864094222838834,-0.5971080463149798,2_7,2_2017,1,457
7,2,2017,2,-1.1974709570508781,-0.4241606982840622,0.9576555951146716,0.49864094222838834,-0.5971080463149798,2_7,2_2017,1,458
7,2,2018,0,-0.5091092400787912,-0.8589556562114494,0.6676664076084465,0.49864094222838834,-0.2538627111700672,2_7,2_2018,3,459
7,2,2018,1,-0.5091092400787912,-0.8589556562114494,0.6676664076084465,0.49864094222838834,-0.2538627111700672,2_7,2_2018,1,460
7,2,2018,2,-0.5091092400787912,-0.8589556562114494,0.6676664076084465,0.49864094222838834,-0.2538627111700672,2_7,2_2018,3,461
7,2,2019,0,-1.0399011996322212,-1.2343090234453595,1.8249324515234475,0.49864094222838834,-0.5185373140090421,2_7,2_2019,4,462
7,2,2019,1,-1.0399011996322212,-1.2343090234453595,1.8249324515234475,0.49864094222838834,-0.5185373140090421,2_7,2_2019,5,463
7,2,2019,2,-1.0399011996322212,-1.2343090234453595,1.8249324515234475,0.49864094222838834,-0.5185373140090421,2_7,2_2019,3,464
7,3,2015,0,-0.34981920757896745,-1.0892480404367824,-0.15316789042682719,0.49864094222838834,-0.1744341792767645,3_7,3_2015,2,465
7,3,2015,1,-0.34981920757896745,-1.0892480404367824,-0.15316789042682719,0.49864094222838834,-0.1744341792767645,3_7,3_2015,6,466
7,3,2015,2,-0.34981920757896745,-1.0892480404367824,-0.15316789042682719,0.49864094222838834,-0.1744341792767645,3_7,3_2015,2,467
7,3,2016,0,0.42564985056356736,-0.10977077517915496,-1.7959755122910617,0.49864094222838834,0.21224644254438993,3_7,3_2016,3,468
7,3,2016,1,0.42564985056356736,-0.10977077517915496,-1.7959755122910617,0.49864094222838834,0.21224644254438993,3_7,3_2016,3,469
7,3,2016,2,0.42564985056356736,-0.10977077517915496,-1.7959755122910617,0.49864094222838834,0.21224644254438993,3_7,3_2016,3,470
7,3,2017,0,-1.1974709570508781,-0.4241606982840622,0.9576555951146716,0.49864094222838834,-0.5971080463149798,3_7,3_2017,1,471
7,3,2017,1,-1.1974709570508781,-0.4241606982840622,0.9576555951146716,0.49864094222838834,-0.5971080463149798,3_7,3_2017,0,472
7,3,2017,2,-1.1974709570508781,-0.4241606982840622,0.9576555951146716,0.49864094222838834,-0.5971080463149798,3_7,3_2017,3,473
7,3,2018,0,-0.5091092400787912,-0.8589556562114494,0.6676664076084465,0.49864094222838834,-0.2538627111700672,3_7,3_2018,2,474
7,3,2018,1,-0.5091092400787912,-0.8589556562114494,0.6676664076084465,0.49864094222838834,-0.2538627111700672,3_7,3_2018,2,475
7,3,2018,2,-0.5091092400787912,-0.8589556562114494,0.6676664076084465,0.49864094222838834,-0.2538627111700672,3_7,3_2018,3,476
7,3,2019,0,-1.0399011996322212,-1.2343090234453595,1.8249324515234475,0.49864094222838834,-0.5185373140090421,3_7,3_2019,4,477
7,3,2019,1,-1.0399011996322212,-1.2343090234453595,1.8249324515234475,0.49864094222838834,-0.5185373140090421,3_7,3_2019,4,478
7,3,2019,2,-1.0399011996322212,-1.2343090234453595,1.8249324515234475,0.49864094222838834,-0.5185373140090421,3_7,3_2019,2,479
